"CityCode","City","CountryCode","Year","a","b.cntUSD","q"
"ID01","Jakarta","ID",2005,1.696081618,11667.5962157406,1.739652684
"ID01","Jakarta","ID",2006,1.696081618,12008.9320906689,1.739652684
"ID01","Jakarta","ID",2007,1.696081618,13448.7620631471,1.739652684
"ID01","Jakarta","ID",2008,1.696081618,14409.7402143275,1.739652684
"ID01","Jakarta","ID",2009,1.696081618,14962.6852488759,1.739652684
"ID01","Jakarta","ID",2010,1.696081618,15587.9506491999,1.739652684
"ID01","Jakarta","ID",2011,1.696081618,16273.595604685,1.739652684
"ID01","Jakarta","ID",2012,1.696081618,17139.1602999443,1.739652684
"ID01","Jakarta","ID",2013,1.696081618,17977.2725385323,1.739652684
"ID01","Jakarta","ID",2014,1.696081618,18726.1640281368,1.739652684
"ID01","Jakarta","ID",2015,1.696081618,19629.3798830622,1.739652684
"ID01","Jakarta","ID",2016,1.696081618,20594.6358233517,1.739652684
"ID01","Jakarta","ID",2017,1.696081618,21567.6896083806,1.739652684
"ID01","Jakarta","ID",2018,1.696081618,22586.3998533524,1.739652684
"ID01","Jakarta","ID",2019,1.696081618,23629.7808265385,1.739652684
"ID01","Jakarta","ID",2020,1.696081618,24675.4847968972,1.739652684
"ID01","Jakarta","ID",2021,1.696081618,25762.1574448368,1.739652684
"ID01","Jakarta","ID",2022,1.696081618,26895.6465025543,1.739652684
"ID01","Jakarta","ID",2023,1.696081618,28071.1012606826,1.739652684
"ID01","Jakarta","ID",2024,1.696081618,29276.0651593241,1.739652684
"ID01","Jakarta","ID",2025,1.696081618,30492.2775859531,1.739652684
"ID01","Jakarta","ID",2026,1.696081618,31708.706577358,1.739652684
"ID01","Jakarta","ID",2027,1.696081618,32928.6332824651,1.739652684
"ID01","Jakarta","ID",2028,1.696081618,34171.281918132,1.739652684
"ID01","Jakarta","ID",2029,1.696081618,35453.1173860989,1.739652684
"ID01","Jakarta","ID",2030,1.696081618,36776.020073834,1.739652684
"ID02","Bandung","ID",2005,1.797716641,6755.5191593467,1.762128058
"ID02","Bandung","ID",2006,1.797716641,6953.15207355165,1.762128058
"ID02","Bandung","ID",2007,1.797716641,7786.81127700614,1.762128058
"ID02","Bandung","ID",2008,1.797716641,8343.2160545426,1.762128058
"ID02","Bandung","ID",2009,1.797716641,8663.37032704893,1.762128058
"ID02","Bandung","ID",2010,1.797716641,9025.39797270625,1.762128058
"ID02","Bandung","ID",2011,1.797716641,9422.38528353994,1.762128058
"ID02","Bandung","ID",2012,1.797716641,9923.54582711205,1.762128058
"ID02","Bandung","ID",2013,1.797716641,10408.8114494824,1.762128058
"ID02","Bandung","ID",2014,1.797716641,10842.4183964879,1.762128058
"ID02","Bandung","ID",2015,1.797716641,11365.3789013391,1.762128058
"ID02","Bandung","ID",2016,1.797716641,11924.2605157493,1.762128058
"ID02","Bandung","ID",2017,1.797716641,12487.6570661387,1.762128058
"ID02","Bandung","ID",2018,1.797716641,13077.4886323111,1.762128058
"ID02","Bandung","ID",2019,1.797716641,13681.6045159873,1.762128058
"ID02","Bandung","ID",2020,1.797716641,14287.0654080936,1.762128058
"ID02","Bandung","ID",2021,1.797716641,14916.2470971575,1.762128058
"ID02","Bandung","ID",2022,1.797716641,15572.5354102943,1.762128058
"ID02","Bandung","ID",2023,1.797716641,16253.1217969966,1.762128058
"ID02","Bandung","ID",2024,1.797716641,16950.7939262071,1.762128058
"ID02","Bandung","ID",2025,1.797716641,17654.9789358369,1.762128058
"ID02","Bandung","ID",2026,1.797716641,18359.2893385173,1.762128058
"ID02","Bandung","ID",2027,1.797716641,19065.6249080179,1.762128058
"ID02","Bandung","ID",2028,1.797716641,19785.1164378631,1.762128058
"ID02","Bandung","ID",2029,1.797716641,20527.2970801202,1.762128058
"ID02","Bandung","ID",2030,1.797716641,21293.255576906,1.762128058
"ID03","Malang","ID",2005,2.135687602,6010.56475516424,1.876571396
"ID03","Malang","ID",2006,2.135687602,6186.40400696096,1.876571396
"ID03","Malang","ID",2007,2.135687602,6928.13273407945,1.876571396
"ID03","Malang","ID",2008,2.135687602,7423.18083732107,1.876571396
"ID03","Malang","ID",2009,2.135687602,7708.03059383902,1.876571396
"ID03","Malang","ID",2010,2.135687602,8030.13620160164,1.876571396
"ID03","Malang","ID",2011,2.135687602,8383.3463519049,1.876571396
"ID03","Malang","ID",2012,2.135687602,8829.24219405254,1.876571396
"ID03","Malang","ID",2013,2.135687602,9260.99589817627,1.876571396
"ID03","Malang","ID",2014,2.135687602,9646.78751773708,1.876571396
"ID03","Malang","ID",2015,2.135687602,10112.0793649616,1.876571396
"ID03","Malang","ID",2016,2.135687602,10609.3311765791,1.876571396
"ID03","Malang","ID",2017,2.135687602,11110.6000467157,1.876571396
"ID03","Malang","ID",2018,2.135687602,11635.3888519333,1.876571396
"ID03","Malang","ID",2019,2.135687602,12172.8867879998,1.876571396
"ID03","Malang","ID",2020,2.135687602,12711.5814190983,1.876571396
"ID03","Malang","ID",2021,2.135687602,13271.3810704769,1.876571396
"ID03","Malang","ID",2022,2.135687602,13855.2982054785,1.876571396
"ID03","Malang","ID",2023,2.135687602,14460.8339872532,1.876571396
"ID03","Malang","ID",2024,2.135687602,15081.571403995,1.876571396
"ID03","Malang","ID",2025,2.135687602,15708.1035012019,1.876571396
"ID03","Malang","ID",2026,2.135687602,16334.7471637518,1.876571396
"ID03","Malang","ID",2027,2.135687602,16963.1926772041,1.876571396
"ID03","Malang","ID",2028,2.135687602,17603.3433913837,1.876571396
"ID03","Malang","ID",2029,2.135687602,18263.6812155149,1.876571396
"ID03","Malang","ID",2030,2.135687602,18945.1748262777,1.876571396
"ID04","Surabaya","ID",2005,2.135687602,6010.56475516424,1.876571396
"ID04","Surabaya","ID",2006,2.135687602,6186.40400696096,1.876571396
"ID04","Surabaya","ID",2007,2.135687602,6928.13273407945,1.876571396
"ID04","Surabaya","ID",2008,2.135687602,7423.18083732107,1.876571396
"ID04","Surabaya","ID",2009,2.135687602,7708.03059383902,1.876571396
"ID04","Surabaya","ID",2010,2.135687602,8030.13620160164,1.876571396
"ID04","Surabaya","ID",2011,2.135687602,8383.3463519049,1.876571396
"ID04","Surabaya","ID",2012,2.135687602,8829.24219405254,1.876571396
"ID04","Surabaya","ID",2013,2.135687602,9260.99589817627,1.876571396
"ID04","Surabaya","ID",2014,2.135687602,9646.78751773708,1.876571396
"ID04","Surabaya","ID",2015,2.135687602,10112.0793649616,1.876571396
"ID04","Surabaya","ID",2016,2.135687602,10609.3311765791,1.876571396
"ID04","Surabaya","ID",2017,2.135687602,11110.6000467157,1.876571396
"ID04","Surabaya","ID",2018,2.135687602,11635.3888519333,1.876571396
"ID04","Surabaya","ID",2019,2.135687602,12172.8867879998,1.876571396
"ID04","Surabaya","ID",2020,2.135687602,12711.5814190983,1.876571396
"ID04","Surabaya","ID",2021,2.135687602,13271.3810704769,1.876571396
"ID04","Surabaya","ID",2022,2.135687602,13855.2982054785,1.876571396
"ID04","Surabaya","ID",2023,2.135687602,14460.8339872532,1.876571396
"ID04","Surabaya","ID",2024,2.135687602,15081.571403995,1.876571396
"ID04","Surabaya","ID",2025,2.135687602,15708.1035012019,1.876571396
"ID04","Surabaya","ID",2026,2.135687602,16334.7471637518,1.876571396
"ID04","Surabaya","ID",2027,2.135687602,16963.1926772041,1.876571396
"ID04","Surabaya","ID",2028,2.135687602,17603.3433913837,1.876571396
"ID04","Surabaya","ID",2029,2.135687602,18263.6812155149,1.876571396
"ID04","Surabaya","ID",2030,2.135687602,18945.1748262777,1.876571396
"ID05","Semarang","ID",2005,1.900997236,5520.14326276722,1.805503853
"ID05","Semarang","ID",2006,1.900997236,5681.63521803404,1.805503853
"ID05","Semarang","ID",2007,1.900997236,6362.84389048574,1.805503853
"ID05","Semarang","ID",2008,1.900997236,6817.49941188889,1.805503853
"ID05","Semarang","ID",2009,1.900997236,7079.10735238706,1.805503853
"ID05","Semarang","ID",2010,1.900997236,7374.9313172961,1.805503853
"ID05","Semarang","ID",2011,1.900997236,7699.3219058115,1.805503853
"ID05","Semarang","ID",2012,1.900997236,8108.8356581065,1.805503853
"ID05","Semarang","ID",2013,1.900997236,8505.36117527763,1.805503853
"ID05","Semarang","ID",2014,1.900997236,8859.67480463437,1.805503853
"ID05","Semarang","ID",2015,1.900997236,9287.00197272085,1.805503853
"ID05","Semarang","ID",2016,1.900997236,9743.68139568516,1.805503853
"ID05","Semarang","ID",2017,1.900997236,10204.0501107001,1.805503853
"ID05","Semarang","ID",2018,1.900997236,10686.019694093,1.805503853
"ID05","Semarang","ID",2019,1.900997236,11179.6614318781,1.805503853
"ID05","Semarang","ID",2020,1.900997236,11674.4022195232,1.805503853
"ID05","Semarang","ID",2021,1.900997236,12188.5259998314,1.805503853
"ID05","Semarang","ID",2022,1.900997236,12724.7994438606,1.805503853
"ID05","Semarang","ID",2023,1.900997236,13280.927590473,1.805503853
"ID05","Semarang","ID",2024,1.900997236,13851.0170265193,1.805503853
"ID05","Semarang","ID",2025,1.900997236,14426.428336396,1.805503853
"ID05","Semarang","ID",2026,1.900997236,15001.9421098717,1.805503853
"ID05","Semarang","ID",2027,1.900997236,15579.1107131093,1.805503853
"ID05","Semarang","ID",2028,1.900997236,16167.0294536894,1.805503853
"ID05","Semarang","ID",2029,1.900997236,16773.4881684838,1.805503853
"ID05","Semarang","ID",2030,1.900997236,17399.3765020867,1.805503853
"ID06","Palembang","ID",2005,1.722357745,6578.23657242489,1.75954423
"ID06","Palembang","ID",2006,1.722357745,6770.68307886615,1.75954423
"ID06","Palembang","ID",2007,1.722357745,7582.46487359481,1.75954423
"ID06","Palembang","ID",2008,1.722357745,8124.26812663195,1.75954423
"ID06","Palembang","ID",2009,1.722357745,8436.02070953935,1.75954423
"ID06","Palembang","ID",2010,1.722357745,8788.54779777584,1.75954423
"ID06","Palembang","ID",2011,1.722357745,9175.11711810477,1.75954423
"ID06","Palembang","ID",2012,1.722357745,9663.12589098527,1.75954423
"ID06","Palembang","ID",2013,1.722357745,10135.6568672301,1.75954423
"ID06","Palembang","ID",2014,1.722357745,10557.8848325626,1.75954423
"ID06","Palembang","ID",2015,1.722357745,11067.121476944,1.75954423
"ID06","Palembang","ID",2016,1.722357745,11611.3365706564,1.75954423
"ID06","Palembang","ID",2017,1.722357745,12159.9481109041,1.75954423
"ID06","Palembang","ID",2018,1.722357745,12734.3009475352,1.75954423
"ID06","Palembang","ID",2019,1.722357745,13322.5632412586,1.75954423
"ID06","Palembang","ID",2020,1.722357745,13912.1352419163,1.75954423
"ID06","Palembang","ID",2021,1.722357745,14524.8055550235,1.75954423
"ID06","Palembang","ID",2022,1.722357745,15163.8711329942,1.75954423
"ID06","Palembang","ID",2023,1.722357745,15826.5971472006,1.75954423
"ID06","Palembang","ID",2024,1.722357745,16505.9605232229,1.75954423
"ID06","Palembang","ID",2025,1.722357745,17191.665865851,1.75954423
"ID06","Palembang","ID",2026,1.722357745,17877.4933100613,1.75954423
"ID06","Palembang","ID",2027,1.722357745,18565.292777735,1.75954423
"ID06","Palembang","ID",2028,1.722357745,19265.9029567785,1.75954423
"ID06","Palembang","ID",2029,1.722357745,19988.606831343,1.75954423
"ID06","Palembang","ID",2030,1.722357745,20734.4645614544,1.75954423
"ID07","Medan","ID",2005,2.424156731,6484.57212159452,1.980891088
"ID07","Medan","ID",2006,2.424156731,6674.27847268518,1.980891088
"ID07","Medan","ID",2007,2.424156731,7474.50168329061,1.980891088
"ID07","Medan","ID",2008,2.424156731,8008.59045204219,1.980891088
"ID07","Medan","ID",2009,2.424156731,8315.90413418087,1.980891088
"ID07","Medan","ID",2010,2.424156731,8663.41175409983,1.980891088
"ID07","Medan","ID",2011,2.424156731,9044.47689321367,1.980891088
"ID07","Medan","ID",2012,2.424156731,9525.53713616563,1.980891088
"ID07","Medan","ID",2013,2.424156731,9991.33996080916,1.980891088
"ID07","Medan","ID",2014,2.424156731,10407.5560199279,1.980891088
"ID07","Medan","ID",2015,2.424156731,10909.5418822087,1.980891088
"ID07","Medan","ID",2016,2.424156731,11446.0081497655,1.980891088
"ID07","Medan","ID",2017,2.424156731,11986.8082701339,1.980891088
"ID07","Medan","ID",2018,2.424156731,12552.9831573901,1.980891088
"ID07","Medan","ID",2019,2.424156731,13132.8694572852,1.980891088
"ID07","Medan","ID",2020,2.424156731,13714.0468191493,1.980891088
"ID07","Medan","ID",2021,2.424156731,14317.9936012673,1.980891088
"ID07","Medan","ID",2022,2.424156731,14947.9598283691,1.980891088
"ID07","Medan","ID",2023,2.424156731,15601.2495930535,1.980891088
"ID07","Medan","ID",2024,2.424156731,16270.9398325521,1.980891088
"ID07","Medan","ID",2025,2.424156731,16946.8817302771,1.980891088
"ID07","Medan","ID",2026,2.424156731,17622.9439963184,1.980891088
"ID07","Medan","ID",2027,2.424156731,18300.9502117125,1.980891088
"ID07","Medan","ID",2028,2.424156731,18991.5847297374,1.980891088
"ID07","Medan","ID",2029,2.424156731,19703.9983572225,1.980891088
"ID07","Medan","ID",2030,2.424156731,20439.2361649408,1.980891088
"ID08","Makasssar","ID",2005,1.881116335,6589.9483314233,1.77666733
"ID08","Makasssar","ID",2006,1.881116335,6782.7374654382,1.77666733
"ID08","Makasssar","ID",2007,1.881116335,7595.96453832,1.77666733
"ID08","Makasssar","ID",2008,1.881116335,8138.73240746413,1.77666733
"ID08","Makasssar","ID",2009,1.881116335,8451.04002801056,1.77666733
"ID08","Makasssar","ID",2010,1.881116335,8804.19474884056,1.77666733
"ID08","Makasssar","ID",2011,1.881116335,9191.45230842951,1.77666733
"ID08","Makasssar","ID",2012,1.881116335,9680.32992257959,1.77666733
"ID08","Makasssar","ID",2013,1.881116335,10153.7021799157,1.77666733
"ID08","Makasssar","ID",2014,1.881116335,10576.6818757688,1.77666733
"ID08","Makasssar","ID",2015,1.881116335,11086.8251565926,1.77666733
"ID08","Makasssar","ID",2016,1.881116335,11632.0091542248,1.77666733
"ID08","Makasssar","ID",2017,1.881116335,12181.5974319396,1.77666733
"ID08","Makasssar","ID",2018,1.881116335,12756.9728376555,1.77666733
"ID08","Makasssar","ID",2019,1.881116335,13346.2824577302,1.77666733
"ID08","Makasssar","ID",2020,1.881116335,13936.9041288331,1.77666733
"ID08","Makasssar","ID",2021,1.881116335,14550.6652217517,1.77666733
"ID08","Makasssar","ID",2022,1.881116335,15190.8685783701,1.77666733
"ID08","Makasssar","ID",2023,1.881116335,15854.7744942822,1.77666733
"ID08","Makasssar","ID",2024,1.881116335,16535.3473998357,1.77666733
"ID08","Makasssar","ID",2025,1.881116335,17222.2735569782,1.77666733
"ID08","Makasssar","ID",2026,1.881116335,17909.3220348226,1.77666733
"ID08","Makasssar","ID",2027,1.881116335,18598.3460470296,1.77666733
"ID08","Makasssar","ID",2028,1.881116335,19300.2035778785,1.77666733
"ID08","Makasssar","ID",2029,1.881116335,20024.1941389743,1.77666733
"ID08","Makasssar","ID",2030,1.881116335,20771.3797807363,1.77666733
"ID09","Batam","ID",2005,2.061930374,9863.98040811193,1.865258093
"ID09","Batam","ID",2006,2.061930374,10152.5514488175,1.865258093
"ID09","Batam","ID",2007,2.061930374,11369.8077181538,1.865258093
"ID09","Batam","ID",2008,2.061930374,12182.2346680072,1.865258093
"ID09","Batam","ID",2009,2.061930374,12649.7036215908,1.865258093
"ID09","Batam","ID",2010,2.061930374,13178.3134198484,1.865258093
"ID09","Batam","ID",2011,2.061930374,13757.9690999845,1.865258093
"ID09","Batam","ID",2012,2.061930374,14489.7319232121,1.865258093
"ID09","Batam","ID",2013,2.061930374,15198.2859836457,1.865258093
"ID09","Batam","ID",2014,2.061930374,15831.4113468158,1.865258093
"ID09","Batam","ID",2015,2.061930374,16595.0050944387,1.865258093
"ID09","Batam","ID",2016,2.061930374,17411.0485614067,1.865258093
"ID09","Batam","ID",2017,2.061930374,18233.6844533385,1.865258093
"ID09","Batam","ID",2018,2.061930374,19094.9190788334,1.865258093
"ID09","Batam","ID",2019,2.061930374,19977.0107549486,1.865258093
"ID09","Batam","ID",2020,2.061930374,20861.0663284329,1.865258093
"ID09","Batam","ID",2021,2.061930374,21779.7575073874,1.865258093
"ID09","Batam","ID",2022,2.061930374,22738.0280591612,1.865258093
"ID09","Batam","ID",2023,2.061930374,23731.7771161738,1.865258093
"ID09","Batam","ID",2024,2.061930374,24750.4736873859,1.865258093
"ID09","Batam","ID",2025,2.061930374,25778.6799525496,1.865258093
"ID09","Batam","ID",2026,2.061930374,26807.069311721,1.865258093
"ID09","Batam","ID",2027,2.061930374,27838.4156894619,1.865258093
"ID09","Batam","ID",2028,2.061930374,28888.9715685506,1.865258093
"ID09","Batam","ID",2029,2.061930374,29972.6566492507,1.865258093
"ID09","Batam","ID",2030,2.061930374,31091.060640755,1.865258093
"ID10","Pekanbaru","ID",2005,1.751426182,8844.78713648597,1.763461008
"ID10","Pekanbaru","ID",2006,1.751426182,9103.54164746353,1.763461008
"ID10","Pekanbaru","ID",2007,1.751426182,10195.0252216888,1.763461008
"ID10","Pekanbaru","ID",2008,1.751426182,10923.5083636376,1.763461008
"ID10","Pekanbaru","ID",2009,1.751426182,11342.6762061668,1.763461008
"ID10","Pekanbaru","ID",2010,1.751426182,11816.6675294447,1.763461008
"ID10","Pekanbaru","ID",2011,1.751426182,12336.430436995,1.763461008
"ID10","Pekanbaru","ID",2012,1.751426182,12992.5840474836,1.763461008
"ID10","Pekanbaru","ID",2013,1.751426182,13627.9269500217,1.763461008
"ID10","Pekanbaru","ID",2014,1.751426182,14195.6347924125,1.763461008
"ID10","Pekanbaru","ID",2015,1.751426182,14880.3304050428,1.763461008
"ID10","Pekanbaru","ID",2016,1.751426182,15612.0563901636,1.763461008
"ID10","Pekanbaru","ID",2017,1.751426182,16349.6936384695,1.763461008
"ID10","Pekanbaru","ID",2018,1.751426182,17121.9414154812,1.763461008
"ID10","Pekanbaru","ID",2019,1.751426182,17912.8911920573,1.763461008
"ID10","Pekanbaru","ID",2020,1.751426182,18705.6019510662,1.763461008
"ID10","Pekanbaru","ID",2021,1.751426182,19529.3695974099,1.763461008
"ID10","Pekanbaru","ID",2022,1.751426182,20388.6270805286,1.763461008
"ID10","Pekanbaru","ID",2023,1.751426182,21279.6972676202,1.763461008
"ID10","Pekanbaru","ID",2024,1.751426182,22193.1372788373,1.763461008
"ID10","Pekanbaru","ID",2025,1.751426182,23115.1043929284,1.763461008
"ID10","Pekanbaru","ID",2026,1.751426182,24037.2356803266,1.763461008
"ID10","Pekanbaru","ID",2027,1.751426182,24962.018457449,1.763461008
"ID10","Pekanbaru","ID",2028,1.751426182,25904.0259151877,1.763461008
"ID10","Pekanbaru","ID",2029,1.751426182,26875.7395107931,1.763461008
"ID10","Pekanbaru","ID",2030,1.751426182,27878.5846968335,1.763461008
"ID11","Bandar Lampung","ID",2005,2.23382033,7183.11364317901,1.902930245
"ID11","Bandar Lampung","ID",2006,2.23382033,7393.25584619913,1.902930245
"ID11","Bandar Lampung","ID",2007,2.23382033,8279.68199076943,1.902930245
"ID11","Bandar Lampung","ID",2008,2.23382033,8871.30473082765,1.902930245
"ID11","Bandar Lampung","ID",2009,2.23382033,9211.72335299209,1.902930245
"ID11","Bandar Lampung","ID",2010,2.23382033,9596.66574618657,1.902930245
"ID11","Bandar Lampung","ID",2011,2.23382033,10018.7805988214,1.902930245
"ID11","Bandar Lampung","ID",2012,2.23382033,10551.6623884355,1.902930245
"ID11","Bandar Lampung","ID",2013,2.23382033,11067.6431720285,1.902930245
"ID11","Bandar Lampung","ID",2014,2.23382033,11528.6955265947,1.902930245
"ID11","Bandar Lampung","ID",2015,2.23382033,12084.7571241056,1.902930245
"ID11","Bandar Lampung","ID",2016,2.23382033,12679.0134665117,1.902930245
"ID11","Bandar Lampung","ID",2017,2.23382033,13278.070530224,1.902930245
"ID11","Bandar Lampung","ID",2018,2.23382033,13905.2358243518,1.902930245
"ID11","Bandar Lampung","ID",2019,2.23382033,14547.5895668284,1.902930245
"ID11","Bandar Lampung","ID",2020,2.23382033,15191.3734598875,1.902930245
"ID11","Bandar Lampung","ID",2021,2.23382033,15860.3795660802,1.902930245
"ID11","Bandar Lampung","ID",2022,2.23382033,16558.2080303628,1.902930245
"ID11","Bandar Lampung","ID",2023,2.23382033,17281.872522699,1.902930245
"ID11","Bandar Lampung","ID",2024,2.23382033,18023.7042167528,1.902930245
"ID11","Bandar Lampung","ID",2025,2.23382033,18772.4610159047,1.902930245
"ID11","Bandar Lampung","ID",2026,2.23382033,19521.3511535194,1.902930245
"ID11","Bandar Lampung","ID",2027,2.23382033,20272.3946428538,1.902930245
"ID11","Bandar Lampung","ID",2028,2.23382033,21037.4268036549,1.902930245
"ID11","Bandar Lampung","ID",2029,2.23382033,21826.5841994267,1.902930245
"ID11","Bandar Lampung","ID",2030,2.23382033,22641.0244792014,1.902930245
"ID12","Denpasar","ID",2005,1.550599444,8752.49753464475,1.720674004
"ID12","Denpasar","ID",2006,1.550599444,9008.55210927526,1.720674004
"ID12","Denpasar","ID",2007,1.550599444,10088.6467629671,1.720674004
"ID12","Denpasar","ID",2008,1.550599444,10809.5286571605,1.720674004
"ID12","Denpasar","ID",2009,1.550599444,11224.3227564568,1.720674004
"ID12","Denpasar","ID",2010,1.550599444,11693.3682870056,1.720674004
"ID12","Denpasar","ID",2011,1.550599444,12207.7078022264,1.720674004
"ID12","Denpasar","ID",2012,1.550599444,12857.0148870912,1.720674004
"ID12","Denpasar","ID",2013,1.550599444,13485.728392191,1.720674004
"ID12","Denpasar","ID",2014,1.550599444,14047.5125717326,1.720674004
"ID12","Denpasar","ID",2015,1.550599444,14725.0638286625,1.720674004
"ID12","Denpasar","ID",2016,1.550599444,15449.1547352073,1.720674004
"ID12","Denpasar","ID",2017,1.550599444,16179.0952160688,1.720674004
"ID12","Denpasar","ID",2018,1.550599444,16943.2850901623,1.720674004
"ID12","Denpasar","ID",2019,1.550599444,17725.9818164157,1.720674004
"ID12","Denpasar","ID",2020,1.550599444,18510.4211535953,1.720674004
"ID12","Denpasar","ID",2021,1.550599444,19325.5933209279,1.720674004
"ID12","Denpasar","ID",2022,1.550599444,20175.8850184908,1.720674004
"ID12","Denpasar","ID",2023,1.550599444,21057.6574649432,1.720674004
"ID12","Denpasar","ID",2024,1.550599444,21961.5663247374,1.720674004
"ID12","Denpasar","ID",2025,1.550599444,22873.9133092311,1.720674004
"ID12","Denpasar","ID",2026,1.550599444,23786.4227560585,1.720674004
"ID12","Denpasar","ID",2027,1.550599444,24701.5560275811,1.720674004
"ID12","Denpasar","ID",2028,1.550599444,25633.7342508543,1.720674004
"ID12","Denpasar","ID",2029,1.550599444,26595.3086467167,1.720674004
"ID12","Denpasar","ID",2030,1.550599444,27587.6897930341,1.720674004
"ID13","Padang","ID",2005,2.00126347,8004.27651756858,1.843151875
"ID13","Padang","ID",2006,2.00126347,8238.44186569181,1.843151875
"ID13","Padang","ID",2007,2.00126347,9226.20292913537,1.843151875
"ID13","Padang","ID",2008,2.00126347,9885.45910004021,1.843151875
"ID13","Padang","ID",2009,2.00126347,10264.7938732165,1.843151875
"ID13","Padang","ID",2010,2.00126347,10693.7423095649,1.843151875
"ID13","Padang","ID",2011,2.00126347,11164.1127038668,1.843151875
"ID13","Padang","ID",2012,2.00126347,11757.9127480186,1.843151875
"ID13","Padang","ID",2013,2.00126347,12332.879690158,1.843151875
"ID13","Padang","ID",2014,2.00126347,12846.6388667474,1.843151875
"ID13","Padang","ID",2015,2.00126347,13466.268596522,1.843151875
"ID13","Padang","ID",2016,2.00126347,14128.459443138,1.843151875
"ID13","Padang","ID",2017,2.00126347,14795.9998141175,1.843151875
"ID13","Padang","ID",2018,2.00126347,15494.861721098,1.843151875
"ID13","Padang","ID",2019,2.00126347,16210.648388044,1.843151875
"ID13","Padang","ID",2020,2.00126347,16928.0286958311,1.843151875
"ID13","Padang","ID",2021,2.00126347,17673.5145851953,1.843151875
"ID13","Padang","ID",2022,2.00126347,18451.1177577614,1.843151875
"ID13","Padang","ID",2023,2.00126347,19257.5105004136,1.843151875
"ID13","Padang","ID",2024,2.00126347,20084.147286222,1.843151875
"ID13","Padang","ID",2025,2.00126347,20918.5008566804,1.843151875
"ID13","Padang","ID",2026,2.00126347,21753.0029977655,1.843151875
"ID13","Padang","ID",2027,2.00126347,22589.9046637899,1.843151875
"ID13","Padang","ID",2028,2.00126347,23442.3941665436,1.843151875
"ID13","Padang","ID",2029,2.00126347,24321.7668620974,1.843151875
"ID13","Padang","ID",2030,2.00126347,25229.3127459213,1.843151875
"ID14","Samarinda","ID",2005,2.270470283,10954.8069737032,1.913076072
"ID14","Samarinda","ID",2006,2.270470283,11275.2901763907,1.913076072
"ID14","Samarinda","ID",2007,2.270470283,12627.1589889208,1.913076072
"ID14","Samarinda","ID",2008,2.270470283,13529.4296795383,1.913076072
"ID14","Samarinda","ID",2009,2.270470283,14048.5945518516,1.913076072
"ID14","Samarinda","ID",2010,2.270470283,14635.661648774,1.913076072
"ID14","Samarinda","ID",2011,2.270470283,15279.4196282195,1.913076072
"ID14","Samarinda","ID",2012,2.270470283,16092.1058015566,1.913076072
"ID14","Samarinda","ID",2013,2.270470283,16879.0166229105,1.913076072
"ID14","Samarinda","ID",2014,2.270470283,17582.1573291585,1.913076072
"ID14","Samarinda","ID",2015,2.270470283,18430.1945018979,1.913076072
"ID14","Samarinda","ID",2016,2.270470283,19336.481649887,1.913076072
"ID14","Samarinda","ID",2017,2.270470283,20250.0902599696,1.913076072
"ID14","Samarinda","ID",2018,2.270470283,21206.5661200138,1.913076072
"ID14","Samarinda","ID",2019,2.270470283,22186.2055357233,1.913076072
"ID14","Samarinda","ID",2020,2.270470283,23168.0260362939,1.913076072
"ID14","Samarinda","ID",2021,2.270470283,24188.3123869508,1.913076072
"ID14","Samarinda","ID",2022,2.270470283,25252.5550577149,1.913076072
"ID14","Samarinda","ID",2023,2.270470283,26356.1996948538,1.913076072
"ID14","Samarinda","ID",2024,2.270470283,27487.5507179998,1.913076072
"ID14","Samarinda","ID",2025,2.270470283,28629.4630824582,1.913076072
"ID14","Samarinda","ID",2026,2.270470283,29771.5787805125,1.913076072
"ID14","Samarinda","ID",2027,2.270470283,30916.9785131326,1.913076072
"ID14","Samarinda","ID",2028,2.270470283,32083.7120632846,1.913076072
"ID14","Samarinda","ID",2029,2.270470283,33287.2384653505,1.913076072
"ID14","Samarinda","ID",2030,2.270470283,34529.3232389193,1.913076072
"ID15","Tasikmalaya","ID",2005,1.797716641,6755.5191593467,1.762128058
"ID15","Tasikmalaya","ID",2006,1.797716641,6953.15207355165,1.762128058
"ID15","Tasikmalaya","ID",2007,1.797716641,7786.81127700614,1.762128058
"ID15","Tasikmalaya","ID",2008,1.797716641,8343.2160545426,1.762128058
"ID15","Tasikmalaya","ID",2009,1.797716641,8663.37032704893,1.762128058
"ID15","Tasikmalaya","ID",2010,1.797716641,9025.39797270625,1.762128058
"ID15","Tasikmalaya","ID",2011,1.797716641,9422.38528353994,1.762128058
"ID15","Tasikmalaya","ID",2012,1.797716641,9923.54582711205,1.762128058
"ID15","Tasikmalaya","ID",2013,1.797716641,10408.8114494824,1.762128058
"ID15","Tasikmalaya","ID",2014,1.797716641,10842.4183964879,1.762128058
"ID15","Tasikmalaya","ID",2015,1.797716641,11365.3789013391,1.762128058
"ID15","Tasikmalaya","ID",2016,1.797716641,11924.2605157493,1.762128058
"ID15","Tasikmalaya","ID",2017,1.797716641,12487.6570661387,1.762128058
"ID15","Tasikmalaya","ID",2018,1.797716641,13077.4886323111,1.762128058
"ID15","Tasikmalaya","ID",2019,1.797716641,13681.6045159873,1.762128058
"ID15","Tasikmalaya","ID",2020,1.797716641,14287.0654080936,1.762128058
"ID15","Tasikmalaya","ID",2021,1.797716641,14916.2470971575,1.762128058
"ID15","Tasikmalaya","ID",2022,1.797716641,15572.5354102943,1.762128058
"ID15","Tasikmalaya","ID",2023,1.797716641,16253.1217969966,1.762128058
"ID15","Tasikmalaya","ID",2024,1.797716641,16950.7939262071,1.762128058
"ID15","Tasikmalaya","ID",2025,1.797716641,17654.9789358369,1.762128058
"ID15","Tasikmalaya","ID",2026,1.797716641,18359.2893385173,1.762128058
"ID15","Tasikmalaya","ID",2027,1.797716641,19065.6249080179,1.762128058
"ID15","Tasikmalaya","ID",2028,1.797716641,19785.1164378631,1.762128058
"ID15","Tasikmalaya","ID",2029,1.797716641,20527.2970801202,1.762128058
"ID15","Tasikmalaya","ID",2030,1.797716641,21293.255576906,1.762128058
"ID16","Banjarmasin","ID",2005,2.002999551,8748.38192567683,1.827701255
"ID16","Banjarmasin","ID",2006,2.002999551,9004.31609868744,1.827701255
"ID16","Banjarmasin","ID",2007,2.002999551,10083.9028685378,1.827701255
"ID16","Banjarmasin","ID",2008,2.002999551,10804.4457888655,1.827701255
"ID16","Banjarmasin","ID",2009,2.002999551,11219.044842856,1.827701255
"ID16","Banjarmasin","ID",2010,2.002999551,11687.8698196327,1.827701255
"ID16","Banjarmasin","ID",2011,2.002999551,12201.9674880192,1.827701255
"ID16","Banjarmasin","ID",2012,2.002999551,12850.9692427252,1.827701255
"ID16","Banjarmasin","ID",2013,2.002999551,13479.3871203623,1.827701255
"ID16","Banjarmasin","ID",2014,2.002999551,14040.9071324531,1.827701255
"ID16","Banjarmasin","ID",2015,2.002999551,14718.1397990202,1.827701255
"ID16","Banjarmasin","ID",2016,2.002999551,15441.890212077,1.827701255
"ID16","Banjarmasin","ID",2017,2.002999551,16171.4874670402,1.827701255
"ID16","Banjarmasin","ID",2018,2.002999551,16935.3180016851,1.827701255
"ID16","Banjarmasin","ID",2019,2.002999551,17717.6466888412,1.827701255
"ID16","Banjarmasin","ID",2020,2.002999551,18501.7171674147,1.827701255
"ID16","Banjarmasin","ID",2021,2.002999551,19316.506018615,1.827701255
"ID16","Banjarmasin","ID",2022,2.002999551,20166.3978900017,1.827701255
"ID16","Banjarmasin","ID",2023,2.002999551,21047.7557105745,1.827701255
"ID16","Banjarmasin","ID",2024,2.002999551,21951.2395312809,1.827701255
"ID16","Banjarmasin","ID",2025,2.002999551,22863.1575110666,1.827701255
"ID16","Banjarmasin","ID",2026,2.002999551,23775.2378775522,1.827701255
"ID16","Banjarmasin","ID",2027,2.002999551,24689.9408338922,1.827701255
"ID16","Banjarmasin","ID",2028,2.002999551,25621.6807261655,1.827701255
"ID16","Banjarmasin","ID",2029,2.002999551,26582.8029728996,1.827701255
"ID16","Banjarmasin","ID",2030,2.002999551,27574.7174778512,1.827701255
"R330","Aceh","ID",2005,2.165202682,5329.85179508294,1.89866355
"R330","Aceh","ID",2006,2.165202682,5485.77676663365,1.89866355
"R330","Aceh","ID",2007,2.165202682,6143.50267982111,1.89866355
"R330","Aceh","ID",2008,2.165202682,6582.48522544581,1.89866355
"R330","Aceh","ID",2009,2.165202682,6835.07496607246,1.89866355
"R330","Aceh","ID",2010,2.165202682,7120.70122918383,1.89866355
"R330","Aceh","ID",2011,2.165202682,7433.90935986803,1.89866355
"R330","Aceh","ID",2012,2.165202682,7829.30627372006,1.89866355
"R330","Aceh","ID",2013,2.165202682,8212.16268584418,1.89866355
"R330","Aceh","ID",2014,2.165202682,8554.26234552503,1.89866355
"R330","Aceh","ID",2015,2.165202682,8966.85861043154,1.89866355
"R330","Aceh","ID",2016,2.165202682,9407.79528439377,1.89866355
"R330","Aceh","ID",2017,2.165202682,9852.29408677825,1.89866355
"R330","Aceh","ID",2018,2.165202682,10317.6491179194,1.89866355
"R330","Aceh","ID",2019,2.165202682,10794.2739357584,1.89866355
"R330","Aceh","ID",2020,2.165202682,11271.9599242159,1.89866355
"R330","Aceh","ID",2021,2.165202682,11768.3607304076,1.89866355
"R330","Aceh","ID",2022,2.165202682,12286.1476479939,1.89866355
"R330","Aceh","ID",2023,2.165202682,12823.1048333832,1.89866355
"R330","Aceh","ID",2024,2.165202682,13373.5420357879,1.89866355
"R330","Aceh","ID",2025,2.165202682,13929.1176497796,1.89866355
"R330","Aceh","ID",2026,2.165202682,14484.7921992252,1.89866355
"R330","Aceh","ID",2027,2.165202682,15042.064532245,1.89866355
"R330","Aceh","ID",2028,2.165202682,15609.7164210079,1.89866355
"R330","Aceh","ID",2029,2.165202682,16195.2691719383,1.89866355
"R330","Aceh","ID",2030,2.165202682,16799.581762646,1.89866355
"R331","Bali","ID",2005,1.807694842,7951.05022461708,1.769692552
"R331","Bali","ID",2006,1.807694842,8183.65843435521,1.769692552
"R331","Bali","ID",2007,1.807694842,9164.85115224681,1.769692552
"R331","Bali","ID",2008,1.807694842,9819.72344647547,1.769692552
"R331","Bali","ID",2009,1.807694842,10196.5357456063,1.769692552
"R331","Bali","ID",2010,1.807694842,10622.6317890924,1.769692552
"R331","Bali","ID",2011,1.807694842,11089.8743473042,1.769692552
"R331","Bali","ID",2012,1.807694842,11679.7257822207,1.769692552
"R331","Bali","ID",2013,1.807694842,12250.8693440288,1.769692552
"R331","Bali","ID",2014,1.807694842,12761.2121623353,1.769692552
"R331","Bali","ID",2015,1.807694842,13376.7215144526,1.769692552
"R331","Bali","ID",2016,1.807694842,14034.5089748549,1.769692552
"R331","Bali","ID",2017,1.807694842,14697.6103885863,1.769692552
"R331","Bali","ID",2018,1.807694842,15391.8250430779,1.769692552
"R331","Bali","ID",2019,1.807694842,16102.8519170067,1.769692552
"R331","Bali","ID",2020,1.807694842,16815.4618402382,1.769692552
"R331","Bali","ID",2021,1.807694842,17555.990447345,1.769692552
"R331","Bali","ID",2022,1.807694842,18328.4227704258,1.769692552
"R331","Bali","ID",2023,1.807694842,19129.4532164764,1.769692552
"R331","Bali","ID",2024,1.807694842,19950.5930921031,1.769692552
"R331","Bali","ID",2025,1.807694842,20779.3984329284,1.769692552
"R331","Bali","ID",2026,1.807694842,21608.3513563897,1.769692552
"R331","Bali","ID",2027,1.807694842,22439.6878506195,1.769692552
"R331","Bali","ID",2028,1.807694842,23286.5085261873,1.769692552
"R331","Bali","ID",2029,1.807694842,24160.0336304295,1.769692552
"R331","Bali","ID",2030,1.807694842,25061.5445757953,1.769692552
"R332","Banten","ID",2005,1.971109307,6497.83834560836,1.804648609
"R332","Banten","ID",2006,1.971109307,6687.93279954197,1.804648609
"R332","Banten","ID",2007,1.971109307,7489.79311692112,1.804648609
"R332","Banten","ID",2008,1.971109307,8024.97453249062,1.804648609
"R332","Banten","ID",2009,1.971109307,8332.91692134258,1.804648609
"R332","Banten","ID",2010,1.971109307,8681.13547588966,1.804648609
"R332","Banten","ID",2011,1.971109307,9062.9802032312,1.804648609
"R332","Banten","ID",2012,1.971109307,9545.02460602438,1.804648609
"R332","Banten","ID",2013,1.971109307,10011.7803754355,1.804648609
"R332","Banten","ID",2014,1.971109307,10428.8479324379,1.804648609
"R332","Banten","ID",2015,1.971109307,10931.8607620804,1.804648609
"R332","Banten","ID",2016,1.971109307,11469.4245415576,1.804648609
"R332","Banten","ID",2017,1.971109307,12011.3310393569,1.804648609
"R332","Banten","ID",2018,1.971109307,12578.6642198641,1.804648609
"R332","Banten","ID",2019,1.971109307,13159.7368536705,1.804648609
"R332","Banten","ID",2020,1.971109307,13742.1032035834,1.804648609
"R332","Banten","ID",2021,1.971109307,14347.2855438219,1.804648609
"R332","Banten","ID",2022,1.971109307,14978.5405596528,1.804648609
"R332","Banten","ID",2023,1.971109307,15633.1668341076,1.804648609
"R332","Banten","ID",2024,1.971109307,16304.2271354013,1.804648609
"R332","Banten","ID",2025,1.971109307,16981.5518876772,1.804648609
"R332","Banten","ID",2026,1.971109307,17658.9972512445,1.804648609
"R332","Banten","ID",2027,1.971109307,18338.3905347263,1.804648609
"R332","Banten","ID",2028,1.971109307,19030.4379629124,1.804648609
"R332","Banten","ID",2029,1.971109307,19744.3090570966,1.804648609
"R332","Banten","ID",2030,1.971109307,20481.0510239344,1.804648609
"R333","Bengkulu","ID",2005,1.907100513,5289.5338129779,1.802341064
"R333","Bengkulu","ID",2006,1.907100513,5444.27928185673,1.802341064
"R333","Bengkulu","ID",2007,1.907100513,6097.02978673247,1.802341064
"R333","Bengkulu","ID",2008,1.907100513,6532.69162425043,1.802341064
"R333","Bengkulu","ID",2009,1.907100513,6783.37063268217,1.802341064
"R333","Bengkulu","ID",2010,1.907100513,7066.83625923272,1.802341064
"R333","Bengkulu","ID",2011,1.907100513,7377.67510967772,1.802341064
"R333","Bengkulu","ID",2012,1.907100513,7770.08101899384,1.802341064
"R333","Bengkulu","ID",2013,1.907100513,8150.04129081189,1.802341064
"R333","Bengkulu","ID",2014,1.907100513,8489.55311689293,1.802341064
"R333","Bengkulu","ID",2015,1.907100513,8899.0282739497,1.802341064
"R333","Bengkulu","ID",2016,1.907100513,9336.62945570284,1.802341064
"R333","Bengkulu","ID",2017,1.907100513,9777.76581686119,1.802341064
"R333","Bengkulu","ID",2018,1.907100513,10239.6006398701,1.802341064
"R333","Bengkulu","ID",2019,1.907100513,10712.620005759,1.802341064
"R333","Bengkulu","ID",2020,1.907100513,11186.692509887,1.802341064
"R333","Bengkulu","ID",2021,1.907100513,11679.338258517,1.802341064
"R333","Bengkulu","ID",2022,1.907100513,12193.2083482373,1.802341064
"R333","Bengkulu","ID",2023,1.907100513,12726.1036937055,1.802341064
"R333","Bengkulu","ID",2024,1.907100513,13272.3770785607,1.802341064
"R333","Bengkulu","ID",2025,1.907100513,13823.7500095433,1.802341064
"R333","Bengkulu","ID",2026,1.907100513,14375.2211234677,1.802341064
"R333","Bengkulu","ID",2027,1.907100513,14928.2779371441,1.802341064
"R333","Bengkulu","ID",2028,1.907100513,15491.6357904083,1.802341064
"R333","Bengkulu","ID",2029,1.907100513,16072.7590925316,1.802341064
"R333","Bengkulu","ID",2030,1.907100513,16672.5003230621,1.802341064
"R334","DI Yogyakarta","ID",2005,1.714743734,5901.10906811921,1.725018201
"R334","DI Yogyakarta","ID",2006,1.714743734,6073.74618994302,1.725018201
"R334","DI Yogyakarta","ID",2007,1.714743734,6801.967630216,1.725018201
"R334","DI Yogyakarta","ID",2008,1.714743734,7288.00063564313,1.725018201
"R334","DI Yogyakarta","ID",2009,1.714743734,7567.66312190989,1.725018201
"R334","DI Yogyakarta","ID",2010,1.714743734,7883.90300901698,1.725018201
"R334","DI Yogyakarta","ID",2011,1.714743734,8230.68100913931,1.725018201
"R334","DI Yogyakarta","ID",2012,1.714743734,8668.45684259372,1.725018201
"R334","DI Yogyakarta","ID",2013,1.714743734,9092.34807485624,1.725018201
"R334","DI Yogyakarta","ID",2014,1.714743734,9471.11421298392,1.725018201
"R334","DI Yogyakarta","ID",2015,1.714743734,9927.93283941948,1.725018201
"R334","DI Yogyakarta","ID",2016,1.714743734,10416.1294199073,1.725018201
"R334","DI Yogyakarta","ID",2017,1.714743734,10908.2699108953,1.725018201
"R334","DI Yogyakarta","ID",2018,1.714743734,11423.5020234217,1.725018201
"R334","DI Yogyakarta","ID",2019,1.714743734,11951.2118301742,1.725018201
"R334","DI Yogyakarta","ID",2020,1.714743734,12480.096534989,1.725018201
"R334","DI Yogyakarta","ID",2021,1.714743734,13029.7019298969,1.725018201
"R334","DI Yogyakarta","ID",2022,1.714743734,13602.9856152526,1.725018201
"R334","DI Yogyakarta","ID",2023,1.714743734,14197.4942549483,1.725018201
"R334","DI Yogyakarta","ID",2024,1.714743734,14806.927702071,1.725018201
"R334","DI Yogyakarta","ID",2025,1.714743734,15422.0503054703,1.725018201
"R334","DI Yogyakarta","ID",2026,1.714743734,16037.2824419171,1.725018201
"R334","DI Yogyakarta","ID",2027,1.714743734,16654.2836145006,1.725018201
"R334","DI Yogyakarta","ID",2028,1.714743734,17282.7768355223,1.725018201
"R334","DI Yogyakarta","ID",2029,1.714743734,17931.0895454164,1.725018201
"R334","DI Yogyakarta","ID",2030,1.714743734,18600.1727827835,1.725018201
"R335","Dki Jakarta","ID",2005,1.682401762,11551.9134268573,1.726938349
"R335","Dki Jakarta","ID",2006,1.682401762,11889.86499835,1.726938349
"R335","Dki Jakarta","ID",2007,1.682401762,13315.4192328223,1.726938349
"R335","Dki Jakarta","ID",2008,1.682401762,14266.8694032149,1.726938349
"R335","Dki Jakarta","ID",2009,1.682401762,14814.3320554016,1.726938349
"R335","Dki Jakarta","ID",2010,1.682401762,15433.3980257861,1.726938349
"R335","Dki Jakarta","ID",2011,1.682401762,16112.2448954301,1.726938349
"R335","Dki Jakarta","ID",2012,1.682401762,16969.2276226427,1.726938349
"R335","Dki Jakarta","ID",2013,1.682401762,17799.0300809327,1.726938349
"R335","Dki Jakarta","ID",2014,1.682401762,18540.4964030489,1.726938349
"R335","Dki Jakarta","ID",2015,1.682401762,19434.7569832862,1.726938349
"R335","Dki Jakarta","ID",2016,1.682401762,20390.4425290323,1.726938349
"R335","Dki Jakarta","ID",2017,1.682401762,21353.8486048412,1.726938349
"R335","Dki Jakarta","ID",2018,1.682401762,22362.4584623789,1.726938349
"R335","Dki Jakarta","ID",2019,1.682401762,23395.4944408794,1.726938349
"R335","Dki Jakarta","ID",2020,1.682401762,24430.8303843197,1.726938349
"R335","Dki Jakarta","ID",2021,1.682401762,25506.7288059156,1.726938349
"R335","Dki Jakarta","ID",2022,1.682401762,26628.9794583145,1.726938349
"R335","Dki Jakarta","ID",2023,1.682401762,27792.7797263394,1.726938349
"R335","Dki Jakarta","ID",2024,1.682401762,28985.79655536,1.726938349
"R335","Dki Jakarta","ID",2025,1.682401762,30189.9503845894,1.726938349
"R335","Dki Jakarta","ID",2026,1.682401762,31394.3186313814,1.726938349
"R335","Dki Jakarta","ID",2027,1.682401762,32602.1499124722,1.726938349
"R335","Dki Jakarta","ID",2028,1.682401762,33832.4778389615,1.726938349
"R335","Dki Jakarta","ID",2029,1.682401762,35101.6040651033,1.726938349
"R335","Dki Jakarta","ID",2030,1.682401762,36411.3903345541,1.726938349
"R336","Gorontalo","ID",2005,1.706818205,4401.41599484633,1.725951008
"R336","Gorontalo","ID",2006,1.706818205,4530.17955128911,1.725951008
"R336","Gorontalo","ID",2007,1.706818205,5073.33261945464,1.725951008
"R336","Gorontalo","ID",2008,1.706818205,5435.84641363714,1.725951008
"R336","Gorontalo","ID",2009,1.706818205,5644.43617642447,1.725951008
"R336","Gorontalo","ID",2010,1.706818205,5880.30765219703,1.725951008
"R336","Gorontalo","ID",2011,1.706818205,6138.95635983892,1.725951008
"R336","Gorontalo","ID",2012,1.706818205,6465.47693992017,1.725951008
"R336","Gorontalo","ID",2013,1.706818205,6781.6415157846,1.725951008
"R336","Gorontalo","ID",2014,1.706818205,7064.14898034274,1.725951008
"R336","Gorontalo","ID",2015,1.706818205,7404.87286341164,1.725951008
"R336","Gorontalo","ID",2016,1.706818205,7769.00038993162,1.725951008
"R336","Gorontalo","ID",2017,1.706818205,8136.06952472989,1.725951008
"R336","Gorontalo","ID",2018,1.706818205,8520.36183834889,1.725951008
"R336","Gorontalo","ID",2019,1.706818205,8913.96079724277,1.725951008
"R336","Gorontalo","ID",2020,1.706818205,9308.43606844895,1.725951008
"R336","Gorontalo","ID",2021,1.706818205,9718.36613020556,1.725951008
"R336","Gorontalo","ID",2022,1.706818205,10145.9569318602,1.725951008
"R336","Gorontalo","ID",2023,1.706818205,10589.378634006,1.725951008
"R336","Gorontalo","ID",2024,1.706818205,11043.9321929269,1.725951008
"R336","Gorontalo","ID",2025,1.706818205,11502.7290809522,1.725951008
"R336","Gorontalo","ID",2026,1.706818205,11961.6076647643,1.725951008
"R336","Gorontalo","ID",2027,1.706818205,12421.8057050496,1.725951008
"R336","Gorontalo","ID",2028,1.706818205,12890.5752323594,1.725951008
"R336","Gorontalo","ID",2029,1.706818205,13374.1273759548,1.725951008
"R336","Gorontalo","ID",2030,1.706818205,13873.1714749861,1.725951008
"R337","Jambi","ID",2005,2.070402852,5722.18704950089,1.868850282
"R337","Jambi","ID",2006,2.070402852,5889.5898022045,1.868850282
"R337","Jambi","ID",2007,2.070402852,6595.73151828406,1.868850282
"R337","Jambi","ID",2008,2.070402852,7067.02797062556,1.868850282
"R337","Jambi","ID",2009,2.070402852,7338.21107181865,1.868850282
"R337","Jambi","ID",2010,2.070402852,7644.8625455546,1.868850282
"R337","Jambi","ID",2011,2.070402852,7981.12621283675,1.868850282
"R337","Jambi","ID",2012,2.070402852,8405.62865365815,1.868850282
"R337","Jambi","ID",2013,2.070402852,8816.66747593619,1.868850282
"R337","Jambi","ID",2014,2.070402852,9183.94940362789,1.868850282
"R337","Jambi","ID",2015,2.070402852,9626.9172557638,1.868850282
"R337","Jambi","ID",2016,2.070402852,10100.3116896258,1.868850282
"R337","Jambi","ID",2017,2.070402852,10577.5304400319,1.868850282
"R337","Jambi","ID",2018,2.070402852,11077.1406791361,1.868850282
"R337","Jambi","ID",2019,2.070402852,11588.8502917311,1.868850282
"R337","Jambi","ID",2020,2.070402852,12101.6991776815,1.868850282
"R337","Jambi","ID",2021,2.070402852,12634.6405028358,1.868850282
"R337","Jambi","ID",2022,2.070402852,13190.542182786,1.868850282
"R337","Jambi","ID",2023,2.070402852,13767.0252846185,1.868850282
"R337","Jambi","ID",2024,2.070402852,14357.9806675051,1.868850282
"R337","Jambi","ID",2025,2.070402852,14954.4527112697,1.868850282
"R337","Jambi","ID",2026,2.070402852,15551.0309722604,1.868850282
"R337","Jambi","ID",2027,2.070402852,16149.3246308817,1.868850282
"R337","Jambi","ID",2028,2.070402852,16758.7618953584,1.868850282
"R337","Jambi","ID",2029,2.070402852,17387.4177186464,1.868850282
"R337","Jambi","ID",2030,2.070402852,18036.2143073419,1.868850282
"R338","Jawa Barat","ID",2005,1.814128482,5714.56104668806,1.763935239
"R338","Jawa Barat","ID",2006,1.814128482,5881.7407002951,1.763935239
"R338","Jawa Barat","ID",2007,1.814128482,6586.94133660056,1.763935239
"R338","Jawa Barat","ID",2008,1.814128482,7057.60968950868,1.763935239
"R338","Jawa Barat","ID",2009,1.814128482,7328.4313816669,1.763935239
"R338","Jawa Barat","ID",2010,1.814128482,7634.67417885718,1.763935239
"R338","Jawa Barat","ID",2011,1.814128482,7970.48970521985,1.763935239
"R338","Jawa Barat","ID",2012,1.814128482,8394.4264087364,1.763935239
"R338","Jawa Barat","ID",2013,1.814128482,8804.91743585276,1.763935239
"R338","Jawa Barat","ID",2014,1.814128482,9171.70988449817,1.763935239
"R338","Jawa Barat","ID",2015,1.814128482,9614.08739111981,1.763935239
"R338","Jawa Barat","ID",2016,1.814128482,10086.8509267945,1.763935239
"R338","Jawa Barat","ID",2017,1.814128482,10563.433691198,1.763935239
"R338","Jawa Barat","ID",2018,1.814128482,11062.3780894417,1.763935239
"R338","Jawa Barat","ID",2019,1.814128482,11573.4057439562,1.763935239
"R338","Jawa Barat","ID",2020,1.814128482,12085.5711514205,1.763935239
"R338","Jawa Barat","ID",2021,1.814128482,12617.8022226431,1.763935239
"R338","Jawa Barat","ID",2022,1.814128482,13172.9630475645,1.763935239
"R338","Jawa Barat","ID",2023,1.814128482,13748.6778653664,1.763935239
"R338","Jawa Barat","ID",2024,1.814128482,14338.8456806914,1.763935239
"R338","Jawa Barat","ID",2025,1.814128482,14934.522802419,1.763935239
"R338","Jawa Barat","ID",2026,1.814128482,15530.3059935634,1.763935239
"R338","Jawa Barat","ID",2027,1.814128482,16127.8023029132,1.763935239
"R338","Jawa Barat","ID",2028,1.814128482,16736.4273622819,1.763935239
"R338","Jawa Barat","ID",2029,1.814128482,17364.2453729339,1.763935239
"R338","Jawa Barat","ID",2030,1.814128482,18012.1773076159,1.763935239
"R339","Jawa Tengah","ID",2005,1.898598325,4515.30988522236,1.799693181
"R339","Jawa Tengah","ID",2006,1.898598325,4647.40540885175,1.799693181
"R339","Jawa Tengah","ID",2007,1.898598325,5204.61345754875,1.799693181
"R339","Jawa Tengah","ID",2008,1.898598325,5576.50789443229,1.799693181
"R339","Jawa Tengah","ID",2009,1.898598325,5790.49526060183,1.799693181
"R339","Jawa Tengah","ID",2010,1.898598325,6032.47029796141,1.799693181
"R339","Jawa Tengah","ID",2011,1.898598325,6297.81196786828,1.799693181
"R339","Jawa Tengah","ID",2012,1.898598325,6632.78180557015,1.799693181
"R339","Jawa Tengah","ID",2013,1.898598325,6957.12766077717,1.799693181
"R339","Jawa Tengah","ID",2014,1.898598325,7246.94547129479,1.799693181
"R339","Jawa Tengah","ID",2015,1.898598325,7596.48614657469,1.799693181
"R339","Jawa Tengah","ID",2016,1.898598325,7970.03607170004,1.799693181
"R339","Jawa Tengah","ID",2017,1.898598325,8346.60373079415,1.799693181
"R339","Jawa Tengah","ID",2018,1.898598325,8740.84023820355,1.799693181
"R339","Jawa Tengah","ID",2019,1.898598325,9144.62421982851,1.799693181
"R339","Jawa Tengah","ID",2020,1.898598325,9549.30718850201,1.799693181
"R339","Jawa Tengah","ID",2021,1.898598325,9969.84485785423,1.799693181
"R339","Jawa Tengah","ID",2022,1.898598325,10408.5002826497,1.799693181
"R339","Jawa Tengah","ID",2023,1.898598325,10863.396251621,1.799693181
"R339","Jawa Tengah","ID",2024,1.898598325,11329.7121340868,1.799693181
"R339","Jawa Tengah","ID",2025,1.898598325,11800.3811443607,1.799693181
"R339","Jawa Tengah","ID",2026,1.898598325,12271.1339659166,1.799693181
"R339","Jawa Tengah","ID",2027,1.898598325,12743.2403907386,1.799693181
"R339","Jawa Tengah","ID",2028,1.898598325,13224.14010171,1.799693181
"R339","Jawa Tengah","ID",2029,1.898598325,13720.2049535813,1.799693181
"R339","Jawa Tengah","ID",2030,1.898598325,14232.162638588,1.799693181
"R340","Jawa Timur","ID",2005,2.08836932,4781.20811906514,1.861199364
"R340","Jawa Timur","ID",2006,2.08836932,4921.08250400384,1.861199364
"R340","Jawa Timur","ID",2007,2.08836932,5511.10350195247,1.861199364
"R340","Jawa Timur","ID",2008,2.08836932,5904.89811336866,1.861199364
"R340","Jawa Timur","ID",2009,2.08836932,6131.48679906092,1.861199364
"R340","Jawa Timur","ID",2010,2.08836932,6387.71129868876,1.861199364
"R340","Jawa Timur","ID",2011,2.08836932,6668.67844732021,1.861199364
"R340","Jawa Timur","ID",2012,2.08836932,7023.37403758732,1.861199364
"R340","Jawa Timur","ID",2013,2.08836932,7366.82002026876,1.861199364
"R340","Jawa Timur","ID",2014,2.08836932,7673.70466386424,1.861199364
"R340","Jawa Timur","ID",2015,2.08836932,8043.82914202915,1.861199364
"R340","Jawa Timur","ID",2016,2.08836932,8439.37673083166,1.861199364
"R340","Jawa Timur","ID",2017,2.08836932,8838.11976329441,1.861199364
"R340","Jawa Timur","ID",2018,2.08836932,9255.57213124996,1.861199364
"R340","Jawa Timur","ID",2019,2.08836932,9683.13419737692,1.861199364
"R340","Jawa Timur","ID",2020,2.08836932,10111.6481963789,1.861199364
"R340","Jawa Timur","ID",2021,2.08836932,10556.9505520198,1.861199364
"R340","Jawa Timur","ID",2022,2.08836932,11021.4375775308,1.861199364
"R340","Jawa Timur","ID",2023,2.08836932,11503.1215284399,1.861199364
"R340","Jawa Timur","ID",2024,2.08836932,11996.8978902576,1.861199364
"R340","Jawa Timur","ID",2025,2.08836932,12495.2837247203,1.861199364
"R340","Jawa Timur","ID",2026,2.08836932,12993.7583148905,1.861199364
"R340","Jawa Timur","ID",2027,2.08836932,13493.6662077463,1.861199364
"R340","Jawa Timur","ID",2028,2.08836932,14002.8852160624,1.861199364
"R340","Jawa Timur","ID",2029,2.08836932,14528.1624047336,1.861199364
"R340","Jawa Timur","ID",2030,2.08836932,15070.2683318605,1.861199364
"R341","Kalimantan Barat","ID",2005,1.867193457,5373.17564532956,1.786041152
"R341","Kalimantan Barat","ID",2006,1.867193457,5530.36805898487,1.786041152
"R341","Kalimantan Barat","ID",2007,1.867193457,6193.44031503394,1.786041152
"R341","Kalimantan Barat","ID",2008,1.867193457,6635.99114454912,1.786041152
"R341","Kalimantan Barat","ID",2009,1.867193457,6890.63406689905,1.786041152
"R341","Kalimantan Barat","ID",2010,1.867193457,7178.58205174716,1.786041152
"R341","Kalimantan Barat","ID",2011,1.867193457,7494.33610347179,1.786041152
"R341","Kalimantan Barat","ID",2012,1.867193457,7892.94701200416,1.786041152
"R341","Kalimantan Barat","ID",2013,1.867193457,8278.91548326861,1.786041152
"R341","Kalimantan Barat","ID",2014,1.867193457,8623.7959101405,1.786041152
"R341","Kalimantan Barat","ID",2015,1.867193457,9039.74597598421,1.786041152
"R341","Kalimantan Barat","ID",2016,1.867193457,9484.26681719682,1.786041152
"R341","Kalimantan Barat","ID",2017,1.867193457,9932.37873976878,1.786041152
"R341","Kalimantan Barat","ID",2018,1.867193457,10401.5164208076,1.786041152
"R341","Kalimantan Barat","ID",2019,1.867193457,10882.0154956469,1.786041152
"R341","Kalimantan Barat","ID",2020,1.867193457,11363.5843685946,1.786041152
"R341","Kalimantan Barat","ID",2021,1.867193457,11864.0201817086,1.786041152
"R341","Kalimantan Barat","ID",2022,1.867193457,12386.0159464851,1.786041152
"R341","Kalimantan Barat","ID",2023,1.867193457,12927.3378075699,1.786041152
"R341","Kalimantan Barat","ID",2024,1.867193457,13482.249248375,1.786041152
"R341","Kalimantan Barat","ID",2025,1.867193457,14042.3408775205,1.786041152
"R341","Kalimantan Barat","ID",2026,1.867193457,14602.5322458636,1.786041152
"R341","Kalimantan Barat","ID",2027,1.867193457,15164.3343773475,1.786041152
"R341","Kalimantan Barat","ID",2028,1.867193457,15736.6004452659,1.786041152
"R341","Kalimantan Barat","ID",2029,1.867193457,16326.9128778049,1.786041152
"R341","Kalimantan Barat","ID",2030,1.867193457,16936.1376372648,1.786041152
"R342","Kalimantan Selatan","ID",2005,2.205336658,6908.58248922414,1.895942806
"R342","Kalimantan Selatan","ID",2006,2.205336658,7110.69327495119,1.895942806
"R342","Kalimantan Selatan","ID",2007,2.205336658,7963.241131309,1.895942806
"R342","Kalimantan Selatan","ID",2008,2.205336658,8532.25266396718,1.895942806
"R342","Kalimantan Selatan","ID",2009,2.205336658,8859.6608388624,1.895942806
"R342","Kalimantan Selatan","ID",2010,2.205336658,9229.89113444113,1.895942806
"R342","Kalimantan Selatan","ID",2011,2.205336658,9635.87319503749,1.895942806
"R342","Kalimantan Selatan","ID",2012,2.205336658,10148.3887948681,1.895942806
"R342","Kalimantan Selatan","ID",2013,2.205336658,10644.6493302091,1.895942806
"R342","Kalimantan Selatan","ID",2014,2.205336658,11088.0807435451,1.895942806
"R342","Kalimantan Selatan","ID",2015,2.205336658,11622.8902366534,1.895942806
"R342","Kalimantan Selatan","ID",2016,2.205336658,12194.4347223111,1.895942806
"R342","Kalimantan Selatan","ID",2017,2.205336658,12770.5964490269,1.895942806
"R342","Kalimantan Selatan","ID",2018,2.205336658,13373.7921307794,1.895942806
"R342","Kalimantan Selatan","ID",2019,2.205336658,13991.5957841364,1.895942806
"R342","Kalimantan Selatan","ID",2020,2.205336658,14610.774919305,1.895942806
"R342","Kalimantan Selatan","ID",2021,2.205336658,15254.2123115716,1.895942806
"R342","Kalimantan Selatan","ID",2022,2.205336658,15925.3704869581,1.895942806
"R342","Kalimantan Selatan","ID",2023,2.205336658,16621.3772777715,1.895942806
"R342","Kalimantan Selatan","ID",2024,2.205336658,17334.8569289925,1.895942806
"R342","Kalimantan Selatan","ID",2025,2.205336658,18054.9970238095,1.895942806
"R342","Kalimantan Selatan","ID",2026,2.205336658,18775.2653547074,1.895942806
"R342","Kalimantan Selatan","ID",2027,2.205336658,19497.6047430752,1.895942806
"R342","Kalimantan Selatan","ID",2028,2.205336658,20233.3981705791,1.895942806
"R342","Kalimantan Selatan","ID",2029,2.205336658,20992.3947894854,1.895942806
"R342","Kalimantan Selatan","ID",2030,2.205336658,21775.7080063645,1.895942806
"R343","Kalinamtan Tengah","ID",2005,2.087891897,6591.57068228751,1.871770924
"R343","Kalinamtan Tengah","ID",2006,2.087891897,6784.40727774122,1.871770924
"R343","Kalinamtan Tengah","ID",2007,2.087891897,7597.83455692137,1.871770924
"R343","Kalinamtan Tengah","ID",2008,2.087891897,8140.73604646246,1.871770924
"R343","Kalinamtan Tengah","ID",2009,2.087891897,8453.12055359869,1.871770924
"R343","Kalinamtan Tengah","ID",2010,2.087891897,8806.36221459393,1.871770924
"R343","Kalinamtan Tengah","ID",2011,2.087891897,9193.71511281863,1.871770924
"R343","Kalinamtan Tengah","ID",2012,2.087891897,9682.71308185976,1.871770924
"R343","Kalinamtan Tengah","ID",2013,2.087891897,10156.2018755154,1.871770924
"R343","Kalinamtan Tengah","ID",2014,2.087891897,10579.2856963196,1.871770924
"R343","Kalinamtan Tengah","ID",2015,2.087891897,11089.5545733962,1.871770924
"R343","Kalinamtan Tengah","ID",2016,2.087891897,11634.872784983,1.871770924
"R343","Kalinamtan Tengah","ID",2017,2.087891897,12184.5963719994,1.871770924
"R343","Kalinamtan Tengah","ID",2018,2.087891897,12760.113419436,1.871770924
"R343","Kalinamtan Tengah","ID",2019,2.087891897,13349.5681201314,1.871770924
"R343","Kalinamtan Tengah","ID",2020,2.087891897,13940.3351935902,1.871770924
"R343","Kalinamtan Tengah","ID",2021,2.087891897,14554.2473873979,1.871770924
"R343","Kalinamtan Tengah","ID",2022,2.087891897,15194.6083560591,1.871770924
"R343","Kalinamtan Tengah","ID",2023,2.087891897,15858.6777148046,1.871770924
"R343","Kalinamtan Tengah","ID",2024,2.087891897,16539.4181669519,1.871770924
"R343","Kalinamtan Tengah","ID",2025,2.087891897,17226.513429571,1.871770924
"R343","Kalinamtan Tengah","ID",2026,2.087891897,17913.7310533918,1.871770924
"R343","Kalinamtan Tengah","ID",2027,2.087891897,18602.9246928748,1.871770924
"R343","Kalinamtan Tengah","ID",2028,2.087891897,19304.9550113351,1.871770924
"R343","Kalinamtan Tengah","ID",2029,2.087891897,20029.1238054919,1.871770924
"R343","Kalinamtan Tengah","ID",2030,2.087891897,20776.4933926864,1.871770924
"R344","Kalinamtan Timur","ID",2005,2.153583954,8962.75673877124,1.872206447
"R344","Kalinamtan Timur","ID",2006,2.153583954,9224.96245457815,1.872206447
"R344","Kalinamtan Timur","ID",2007,2.153583954,10331.0039696857,1.872206447
"R344","Kalinamtan Timur","ID",2008,2.153583954,11069.2034406546,1.872206447
"R344","Kalinamtan Timur","ID",2009,2.153583954,11493.9620419424,1.872206447
"R344","Kalinamtan Timur","ID",2010,2.153583954,11974.2753439929,1.872206447
"R344","Kalinamtan Timur","ID",2011,2.153583954,12500.9707247456,1.872206447
"R344","Kalinamtan Timur","ID",2012,2.153583954,13165.8759487673,1.872206447
"R344","Kalinamtan Timur","ID",2013,2.153583954,13809.6929002191,1.872206447
"R344","Kalinamtan Timur","ID",2014,2.153583954,14384.9726848634,1.872206447
"R344","Kalinamtan Timur","ID",2015,2.153583954,15078.800603888,1.872206447
"R344","Kalinamtan Timur","ID",2016,2.153583954,15820.2861726559,1.872206447
"R344","Kalinamtan Timur","ID",2017,2.153583954,16567.7618438419,1.872206447
"R344","Kalinamtan Timur","ID",2018,2.153583954,17350.3096755231,1.872206447
"R344","Kalinamtan Timur","ID",2019,2.153583954,18151.8089424805,1.872206447
"R344","Kalinamtan Timur","ID",2020,2.153583954,18955.0926809208,1.872206447
"R344","Kalinamtan Timur","ID",2021,2.153583954,19789.8475427905,1.872206447
"R344","Kalinamtan Timur","ID",2022,2.153583954,20660.5655944428,1.872206447
"R344","Kalinamtan Timur","ID",2023,2.153583954,21563.5206554195,1.872206447
"R344","Kalinamtan Timur","ID",2024,2.153583954,22489.1439065589,1.872206447
"R344","Kalinamtan Timur","ID",2025,2.153583954,23423.4079898303,1.872206447
"R344","Kalinamtan Timur","ID",2026,2.153583954,24357.8384350177,1.872206447
"R344","Kalinamtan Timur","ID",2027,2.153583954,25294.955743293,1.872206447
"R344","Kalinamtan Timur","ID",2028,2.153583954,26249.5274642661,1.872206447
"R344","Kalinamtan Timur","ID",2029,2.153583954,27234.2015357131,1.872206447
"R344","Kalinamtan Timur","ID",2030,2.153583954,28250.4224235681,1.872206447
"R345","Kepulauan Bangka Belitung","ID",2005,2.444047681,7510.7576467824,2.000013773
"R345","Kepulauan Bangka Belitung","ID",2006,2.444047681,8472.50977876724,2.000013773
"R345","Kepulauan Bangka Belitung","ID",2007,2.444047681,9488.33478596208,2.000013773
"R345","Kepulauan Bangka Belitung","ID",2008,2.444047681,10166.3215278347,2.000013773
"R345","Kepulauan Bangka Belitung","ID",2009,2.444047681,10556.4338362015,2.000013773
"R345","Kepulauan Bangka Belitung","ID",2010,2.444047681,10997.569415369,2.000013773
"R345","Kepulauan Bangka Belitung","ID",2011,2.444047681,11481.3038195164,2.000013773
"R345","Kepulauan Bangka Belitung","ID",2012,2.444047681,12091.974710497,2.000013773
"R345","Kepulauan Bangka Belitung","ID",2013,2.444047681,12683.2774356846,2.000013773
"R345","Kepulauan Bangka Belitung","ID",2014,2.444047681,13211.633366445,2.000013773
"R345","Kepulauan Bangka Belitung","ID",2015,2.444047681,13848.8678085177,2.000013773
"R345","Kepulauan Bangka Belitung","ID",2016,2.444047681,14529.8726048502,2.000013773
"R345","Kepulauan Bangka Belitung","ID",2017,2.444047681,15216.3789175452,2.000013773
"R345","Kepulauan Bangka Belitung","ID",2018,2.444047681,15935.0966534659,2.000013773
"R345","Kepulauan Bangka Belitung","ID",2019,2.444047681,16671.2200215458,2.000013773
"R345","Kepulauan Bangka Belitung","ID",2020,2.444047681,17408.9823011599,2.000013773
"R345","Kepulauan Bangka Belitung","ID",2021,2.444047681,18175.6486975138,2.000013773
"R345","Kepulauan Bangka Belitung","ID",2022,2.444047681,18975.344874587,2.000013773
"R345","Kepulauan Bangka Belitung","ID",2023,2.444047681,19804.6485851869,2.000013773
"R345","Kepulauan Bangka Belitung","ID",2024,2.444047681,20654.7715091767,2.000013773
"R345","Kepulauan Bangka Belitung","ID",2025,2.444047681,21512.8304566236,2.000013773
"R345","Kepulauan Bangka Belitung","ID",2026,2.444047681,22371.042201004,2.000013773
"R345","Kepulauan Bangka Belitung","ID",2027,2.444047681,23231.7216406583,2.000013773
"R345","Kepulauan Bangka Belitung","ID",2028,2.444047681,24108.4317952616,2.000013773
"R345","Kepulauan Bangka Belitung","ID",2029,2.444047681,25012.7889391039,2.000013773
"R345","Kepulauan Bangka Belitung","ID",2030,2.444047681,25946.119720666,2.000013773
"R346","Kepulauan Riau","ID",2005,1.981711759,9075.07468777982,1.837084373
"R346","Kepulauan Riau","ID",2006,1.981711759,9340.5662689232,1.837084373
"R346","Kepulauan Riau","ID",2007,1.981711759,10460.468286331,1.837084373
"R346","Kepulauan Riau","ID",2008,1.981711759,11207.9185997012,1.837084373
"R346","Kepulauan Riau","ID",2009,1.981711759,11638.0001181947,1.837084373
"R346","Kepulauan Riau","ID",2010,1.981711759,12124.332529463,1.837084373
"R346","Kepulauan Riau","ID",2011,1.981711759,12657.6282528035,1.837084373
"R346","Kepulauan Riau","ID",2012,1.981711759,13330.8658337538,1.837084373
"R346","Kepulauan Riau","ID",2013,1.981711759,13982.7508508599,1.837084373
"R346","Kepulauan Riau","ID",2014,1.981711759,14565.2398360156,1.837084373
"R346","Kepulauan Riau","ID",2015,1.981711759,15267.7625496454,1.837084373
"R346","Kepulauan Riau","ID",2016,1.981711759,16018.540140994,1.837084373
"R346","Kepulauan Riau","ID",2017,1.981711759,16775.3828988553,1.837084373
"R346","Kepulauan Riau","ID",2018,1.981711759,17567.7373258664,1.837084373
"R346","Kepulauan Riau","ID",2019,1.981711759,18379.2806909818,1.837084373
"R346","Kepulauan Riau","ID",2020,1.981711759,19192.6308903823,1.837084373
"R346","Kepulauan Riau","ID",2021,1.981711759,20037.8465817869,1.837084373
"R346","Kepulauan Riau","ID",2022,1.981711759,20919.4761559463,1.837084373
"R346","Kepulauan Riau","ID",2023,1.981711759,21833.7467167021,1.837084373
"R346","Kepulauan Riau","ID",2024,1.981711759,22770.9695307493,1.837084373
"R346","Kepulauan Riau","ID",2025,1.981711759,23716.9414647407,1.837084373
"R346","Kepulauan Riau","ID",2026,1.981711759,24663.0818505915,1.837084373
"R346","Kepulauan Riau","ID",2027,1.981711759,25611.9427593383,1.837084373
"R346","Kepulauan Riau","ID",2028,1.981711759,26578.4768263421,1.837084373
"R346","Kepulauan Riau","ID",2029,1.981711759,27575.4904664488,1.837084373
"R346","Kepulauan Riau","ID",2030,1.981711759,28604.4462606496,1.837084373
"R347","Lampung","ID",2005,2.219616552,4880.31090005928,1.902186203
"R347","Lampung","ID",2006,2.219616552,5023.08454037699,1.902186203
"R347","Lampung","ID",2007,2.219616552,5625.33523361912,1.902186203
"R347","Lampung","ID",2008,2.219616552,6027.29224671366,1.902186203
"R347","Lampung","ID",2009,2.219616552,6258.57756228205,1.902186203
"R347","Lampung","ID",2010,2.219616552,6520.11297174545,1.902186203
"R347","Lampung","ID",2011,2.219616552,6806.90388360917,1.902186203
"R347","Lampung","ID",2012,2.219616552,7168.95144831906,1.902186203
"R347","Lampung","ID",2013,2.219616552,7519.51622880177,1.902186203
"R347","Lampung","ID",2014,2.219616552,7832.76184284888,1.902186203
"R347","Lampung","ID",2015,2.219616552,8210.558098371,1.902186203
"R347","Lampung","ID",2016,2.219616552,8614.30442327851,1.902186203
"R347","Lampung","ID",2017,2.219616552,9021.31242015111,1.902186203
"R347","Lampung","ID",2018,2.219616552,9447.41756033837,1.902186203
"R347","Lampung","ID",2019,2.219616552,9883.84194614193,1.902186203
"R347","Lampung","ID",2020,2.219616552,10321.2379998141,1.902186203
"R347","Lampung","ID",2021,2.219616552,10775.7703877757,1.902186203
"R347","Lampung","ID",2022,2.219616552,11249.8850939901,1.902186203
"R347","Lampung","ID",2023,2.219616552,11741.5531819789,1.902186203
"R347","Lampung","ID",2024,2.219616552,12245.5643180117,1.902186203
"R347","Lampung","ID",2025,2.219616552,12754.2804766565,1.902186203
"R347","Lampung","ID",2026,2.219616552,13263.0872223338,1.902186203
"R347","Lampung","ID",2027,2.219616552,13773.3569903232,1.902186203
"R347","Lampung","ID",2028,2.219616552,14293.1308640129,1.902186203
"R347","Lampung","ID",2029,2.219616552,14829.2957690916,1.902186203
"R347","Lampung","ID",2030,2.219616552,15382.6382322359,1.902186203
"R348","Maluku","ID",2005,1.996666834,5353.66701131989,1.834112325
"R348","Maluku","ID",2006,1.996666834,5510.28869923712,1.834112325
"R348","Maluku","ID",2007,1.996666834,6170.95350950384,1.834112325
"R348","Maluku","ID",2008,1.996666834,6611.89754871268,1.834112325
"R348","Maluku","ID",2009,1.996666834,6865.61592727767,1.834112325
"R348","Maluku","ID",2010,1.996666834,7152.51844563318,1.834112325
"R348","Maluku","ID",2011,1.996666834,7467.12607588973,1.834112325
"R348","Maluku","ID",2012,1.996666834,7864.28972979567,1.834112325
"R348","Maluku","ID",2013,1.996666834,8248.8568477695,1.834112325
"R348","Maluku","ID",2014,1.996666834,8592.48510004089,1.834112325
"R348","Maluku","ID",2015,1.996666834,9006.92495764879,1.834112325
"R348","Maluku","ID",2016,1.996666834,9449.83185711405,1.834112325
"R348","Maluku","ID",2017,1.996666834,9896.31679540742,1.834112325
"R348","Maluku","ID",2018,1.996666834,10363.7511611992,1.834112325
"R348","Maluku","ID",2019,1.996666834,10842.5056658898,1.834112325
"R348","Maluku","ID",2020,1.996666834,11322.3260805802,1.834112325
"R348","Maluku","ID",2021,1.996666834,11820.9449397746,1.834112325
"R348","Maluku","ID",2022,1.996666834,12341.0454696112,1.834112325
"R348","Maluku","ID",2023,1.996666834,12880.4019312121,1.834112325
"R348","Maluku","ID",2024,1.996666834,13433.2986338306,1.834112325
"R348","Maluku","ID",2025,1.996666834,13991.3567112527,1.834112325
"R348","Maluku","ID",2026,1.996666834,14549.514164602,1.834112325
"R348","Maluku","ID",2027,1.996666834,15109.2765397098,1.834112325
"R348","Maluku","ID",2028,1.996666834,15679.4648512007,1.834112325
"R348","Maluku","ID",2029,1.996666834,16267.634010387,1.834112325
"R348","Maluku","ID",2030,1.996666834,16874.6468327074,1.834112325
"R349","Maluku Utara","ID",2005,2.548290327,5351.93673633696,2.02773363
"R349","Maluku Utara","ID",2006,2.548290327,5508.50780616844,2.02773363
"R349","Maluku Utara","ID",2007,2.548290327,6168.95909089811,2.02773363
"R349","Maluku Utara","ID",2008,2.548290327,6609.76062074918,2.02773363
"R349","Maluku Utara","ID",2009,2.548290327,6863.39699899588,2.02773363
"R349","Maluku Utara","ID",2010,2.548290327,7150.20679154649,2.02773363
"R349","Maluku Utara","ID",2011,2.548290327,7464.71274205411,2.02773363
"R349","Maluku Utara","ID",2012,2.548290327,7861.74803570266,2.02773363
"R349","Maluku Utara","ID",2013,2.548290327,8246.19086351748,2.02773363
"R349","Maluku Utara","ID",2014,2.548290327,8589.70805727912,2.02773363
"R349","Maluku Utara","ID",2015,2.548290327,9004.01397037854,2.02773363
"R349","Maluku Utara","ID",2016,2.548290327,9446.77772722289,2.02773363
"R349","Maluku Utara","ID",2017,2.548290327,9893.11836507868,2.02773363
"R349","Maluku Utara","ID",2018,2.548290327,10360.4016514905,2.02773363
"R349","Maluku Utara","ID",2019,2.548290327,10839.0014311002,2.02773363
"R349","Maluku Utara","ID",2020,2.548290327,11318.6667676068,2.02773363
"R349","Maluku Utara","ID",2021,2.548290327,11817.1244763787,2.02773363
"R349","Maluku Utara","ID",2022,2.548290327,12337.0569161982,2.02773363
"R349","Maluku Utara","ID",2023,2.548290327,12876.2390553717,2.02773363
"R349","Maluku Utara","ID",2024,2.548290327,13428.9570662196,2.02773363
"R349","Maluku Utara","ID",2025,2.548290327,13986.8347829434,2.02773363
"R349","Maluku Utara","ID",2026,2.548290327,14544.8118402685,2.02773363
"R349","Maluku Utara","ID",2027,2.548290327,15104.3933055842,2.02773363
"R349","Maluku Utara","ID",2028,2.548290327,15674.3973358854,2.02773363
"R349","Maluku Utara","ID",2029,2.548290327,16262.3764033233,2.02773363
"R349","Maluku Utara","ID",2030,2.548290327,16869.1930411369,2.02773363
"R350","Nusa Tenggara Barat","ID",2005,2.199401665,4639.31533546133,1.890252233
"R350","Nusa Tenggara Barat","ID",2006,2.199401665,4775.03864319825,1.890252233
"R350","Nusa Tenggara Barat","ID",2007,2.199401665,5347.54948009295,1.890252233
"R350","Nusa Tenggara Barat","ID",2008,2.199401665,5729.65737674785,1.890252233
"R350","Nusa Tenggara Barat","ID",2009,2.199401665,5949.52154870047,1.890252233
"R350","Nusa Tenggara Barat","ID",2010,2.199401665,6198.14202754769,1.890252233
"R350","Nusa Tenggara Barat","ID",2011,2.199401665,6470.77086277544,1.890252233
"R350","Nusa Tenggara Barat","ID",2012,2.199401665,6814.94008753357,1.890252233
"R350","Nusa Tenggara Barat","ID",2013,2.199401665,7148.19356182203,1.890252233
"R350","Nusa Tenggara Barat","ID",2014,2.199401665,7445.9707340812,1.890252233
"R350","Nusa Tenggara Barat","ID",2015,2.199401665,7805.1109607195,1.890252233
"R350","Nusa Tenggara Barat","ID",2016,2.199401665,8188.91981111971,1.890252233
"R350","Nusa Tenggara Barat","ID",2017,2.199401665,8575.82927009578,1.890252233
"R350","Nusa Tenggara Barat","ID",2018,2.199401665,8980.89282563344,1.890252233
"R350","Nusa Tenggara Barat","ID",2019,2.199401665,9395.76605977531,1.890252233
"R350","Nusa Tenggara Barat","ID",2020,2.199401665,9811.56297563789,1.890252233
"R350","Nusa Tenggara Barat","ID",2021,2.199401665,10243.6500085056,1.890252233
"R350","Nusa Tenggara Barat","ID",2022,2.199401665,10694.3523691387,1.890252233
"R350","Nusa Tenggara Barat","ID",2023,2.199401665,11161.7413005792,1.890252233
"R350","Nusa Tenggara Barat","ID",2024,2.199401665,11640.8637697666,1.890252233
"R350","Nusa Tenggara Barat","ID",2025,2.199401665,12124.4589174389,1.890252233
"R350","Nusa Tenggara Barat","ID",2026,2.199401665,12608.140183878,1.890252233
"R350","Nusa Tenggara Barat","ID",2027,2.199401665,13093.2122218525,1.890252233
"R350","Nusa Tenggara Barat","ID",2028,2.199401665,13587.3190381205,1.890252233
"R350","Nusa Tenggara Barat","ID",2029,2.199401665,14097.0074850844,1.890252233
"R350","Nusa Tenggara Barat","ID",2030,2.199401665,14623.0252324432,1.890252233
"R351","Nusa Tenggara Timur","ID",2005,2.305442091,3709.45563546092,1.929276864
"R351","Nusa Tenggara Timur","ID",2006,2.305442091,3817.97587098204,1.929276864
"R351","Nusa Tenggara Timur","ID",2007,2.305442091,4275.73814666859,1.929276864
"R351","Nusa Tenggara Timur","ID",2008,2.305442091,4581.26001582107,1.929276864
"R351","Nusa Tenggara Timur","ID",2009,2.305442091,4757.0567296233,1.929276864
"R351","Nusa Tenggara Timur","ID",2010,2.305442091,4955.84611344191,1.929276864
"R351","Nusa Tenggara Timur","ID",2011,2.305442091,5173.83185040488,1.929276864
"R351","Nusa Tenggara Timur","ID",2012,2.305442091,5449.01911011222,1.929276864
"R351","Nusa Tenggara Timur","ID",2013,2.305442091,5715.47846553775,1.929276864
"R351","Nusa Tenggara Timur","ID",2014,2.305442091,5953.5720484717,1.929276864
"R351","Nusa Tenggara Timur","ID",2015,2.305442091,6240.72966527849,1.929276864
"R351","Nusa Tenggara Timur","ID",2016,2.305442091,6547.61156505634,1.929276864
"R351","Nusa Tenggara Timur","ID",2017,2.305442091,6856.97261809284,1.929276864
"R351","Nusa Tenggara Timur","ID",2018,2.305442091,7180.84913639852,1.929276864
"R351","Nusa Tenggara Timur","ID",2019,2.305442091,7512.56917134916,1.929276864
"R351","Nusa Tenggara Timur","ID",2020,2.305442091,7845.0277550348,1.929276864
"R351","Nusa Tenggara Timur","ID",2021,2.305442091,8190.51142884294,1.929276864
"R351","Nusa Tenggara Timur","ID",2022,2.305442091,8550.87934540122,1.929276864
"R351","Nusa Tenggara Timur","ID",2023,2.305442091,8924.589333428,1.929276864
"R351","Nusa Tenggara Timur","ID",2024,2.305442091,9307.68110763854,1.929276864
"R351","Nusa Tenggara Timur","ID",2025,2.305442091,9694.34910401649,1.929276864
"R351","Nusa Tenggara Timur","ID",2026,2.305442091,10081.0859508706,1.929276864
"R351","Nusa Tenggara Timur","ID",2027,2.305442091,10468.9348188911,1.929276864
"R351","Nusa Tenggara Timur","ID",2028,2.305442091,10864.0076284832,1.929276864
"R351","Nusa Tenggara Timur","ID",2029,2.305442091,11271.5390251975,1.929276864
"R351","Nusa Tenggara Timur","ID",2030,2.305442091,11692.1268456873,1.929276864
"R352","Papua","ID",2005,1.697643838,5102.02029384705,1.720442553
"R352","Papua","ID",2006,1.697643838,5251.28004891169,1.720442553
"R352","Papua","ID",2007,1.697643838,5880.89060496773,1.720442553
"R352","Papua","ID",2008,1.697643838,6301.10826825478,1.720442553
"R352","Papua","ID",2009,1.697643838,6542.90072813924,1.720442553
"R352","Papua","ID",2010,1.697643838,6816.3175223271,1.720442553
"R352","Papua","ID",2011,1.697643838,7116.13716129462,1.720442553
"R352","Papua","ID",2012,1.697643838,7494.63231605345,1.720442553
"R352","Papua","ID",2013,1.697643838,7861.12302921045,1.720442553
"R352","Papua","ID",2014,1.697643838,8188.59919004714,1.720442553
"R352","Papua","ID",2015,1.697643838,8583.55848768594,1.720442553
"R352","Papua","ID",2016,1.697643838,9005.64675144292,1.720442553
"R352","Papua","ID",2017,1.697643838,9431.1448615334,1.720442553
"R352","Papua","ID",2018,1.697643838,9876.60768369519,1.720442553
"R352","Papua","ID",2019,1.697643838,10332.8585456297,1.720442553
"R352","Papua","ID",2020,1.697643838,10790.1252225794,1.720442553
"R352","Papua","ID",2021,1.697643838,11265.3067269849,1.720442553
"R352","Papua","ID",2022,1.697643838,11760.9601594269,1.720442553
"R352","Papua","ID",2023,1.697643838,12274.9644113524,1.720442553
"R352","Papua","ID",2024,1.697643838,12801.8724511347,1.720442553
"R352","Papua","ID",2025,1.697643838,13333.6992611637,1.720442553
"R352","Papua","ID",2026,1.697643838,13865.6207719554,1.720442553
"R352","Papua","ID",2027,1.697643838,14399.0717692531,1.720442553
"R352","Papua","ID",2028,1.697643838,14942.4586366132,1.720442553
"R352","Papua","ID",2029,1.697643838,15502.981165196,1.720442553
"R352","Papua","ID",2030,1.697643838,16081.4616212926,1.720442553
"R353","Papua Barat","ID",2005,1.698866522,6128.17548717682,1.730438131
"R353","Papua Barat","ID",2006,1.698866522,6307.45544298171,1.730438131
"R353","Papua Barat","ID",2007,1.698866522,7063.6978241787,1.730438131
"R353","Papua Barat","ID",2008,1.698866522,7568.43269989917,1.730438131
"R353","Papua Barat","ID",2009,1.698866522,7858.85620743387,1.730438131
"R353","Papua Barat","ID",2010,1.698866522,8187.26456346903,1.730438131
"R353","Papua Barat","ID",2011,1.698866522,8547.38609504966,1.730438131
"R353","Papua Barat","ID",2012,1.698866522,9002.00692996345,1.730438131
"R353","Papua Barat","ID",2013,1.698866522,9442.20890394516,1.730438131
"R353","Papua Barat","ID",2014,1.698866522,9835.54943521293,1.730438131
"R353","Papua Barat","ID",2015,1.698866522,10309.9458013408,1.730438131
"R353","Papua Barat","ID",2016,1.698866522,10816.9275071342,1.730438131
"R353","Papua Barat","ID",2017,1.698866522,11328.0048689434,1.730438131
"R353","Papua Barat","ID",2018,1.698866522,11863.0623941251,1.730438131
"R353","Papua Barat","ID",2019,1.698866522,12411.0777338642,1.730438131
"R353","Papua Barat","ID",2020,1.698866522,12960.3131861842,1.730438131
"R353","Papua Barat","ID",2021,1.698866522,13531.0666282285,1.730438131
"R353","Papua Barat","ID",2022,1.698866522,14126.4094648804,1.730438131
"R353","Papua Barat","ID",2023,1.698866522,14743.793960109,1.730438131
"R353","Papua Barat","ID",2024,1.698866522,15376.6775597362,1.730438131
"R353","Papua Barat","ID",2025,1.698866522,16015.4692196798,1.730438131
"R353","Papua Barat","ID",2026,1.698866522,16654.3746289617,1.730438131
"R353","Papua Barat","ID",2027,1.698866522,17295.1171401182,1.730438131
"R353","Papua Barat","ID",2028,1.698866522,17947.7939035435,1.730438131
"R353","Papua Barat","ID",2029,1.698866522,18621.0527766141,1.730438131
"R353","Papua Barat","ID",2030,1.698866522,19315.8813996316,1.730438131
"R354","Riau","ID",2005,1.997654248,7242.79660992654,1.831204097
"R354","Riau","ID",2006,1.997654248,7454.68484053339,1.831204097
"R354","Riau","ID",2007,1.997654248,8348.47611131195,1.831204097
"R354","Riau","ID",2008,1.997654248,8945.01451817839,1.831204097
"R354","Riau","ID",2009,1.997654248,9288.2616069862,1.831204097
"R354","Riau","ID",2010,1.997654248,9676.40240583116,1.831204097
"R354","Riau","ID",2011,1.997654248,10102.0245212319,1.831204097
"R354","Riau","ID",2012,1.997654248,10639.3339121669,1.831204097
"R354","Riau","ID",2013,1.997654248,11159.6018755156,1.831204097
"R354","Riau","ID",2014,1.997654248,11624.4850145271,1.831204097
"R354","Riau","ID",2015,1.997654248,12185.1668050863,1.831204097
"R354","Riau","ID",2016,1.997654248,12784.3607025695,1.831204097
"R354","Riau","ID",2017,1.997654248,13388.3952038314,1.831204097
"R354","Riau","ID",2018,1.997654248,14020.7714804767,1.831204097
"R354","Riau","ID",2019,1.997654248,14668.4624025599,1.831204097
"R354","Riau","ID",2020,1.997654248,15317.5953611628,1.831204097
"R354","Riau","ID",2021,1.997654248,15992.1600965177,1.831204097
"R354","Riau","ID",2022,1.997654248,16695.7866659082,1.831204097
"R354","Riau","ID",2023,1.997654248,17425.4639337509,1.831204097
"R354","Riau","ID",2024,1.997654248,18173.4593482042,1.831204097
"R354","Riau","ID",2025,1.997654248,18928.437414602,1.831204097
"R354","Riau","ID",2026,1.997654248,19683.549918552,1.831204097
"R354","Riau","ID",2027,1.997654248,20440.8336673988,1.831204097
"R354","Riau","ID",2028,1.997654248,21212.2223214431,1.831204097
"R354","Riau","ID",2029,1.997654248,22007.9366541703,1.831204097
"R354","Riau","ID",2030,1.997654248,22829.1439488059,1.831204097
"R355","Sulawesi Tenggara","ID",2005,2.189871821,4814.31070448339,1.89937097
"R355","Sulawesi Tenggara","ID",2006,2.189871821,4955.15350825315,1.89937097
"R355","Sulawesi Tenggara","ID",2007,2.189871821,5549.25950153305,1.89937097
"R355","Sulawesi Tenggara","ID",2008,2.189871821,5945.78054099447,1.89937097
"R355","Sulawesi Tenggara","ID",2009,2.189871821,6173.93800885613,1.89937097
"R355","Sulawesi Tenggara","ID",2010,2.189871821,6431.93647287373,1.89937097
"R355","Sulawesi Tenggara","ID",2011,2.189871821,6714.84889084226,1.89937097
"R355","Sulawesi Tenggara","ID",2012,2.189871821,7072.00020886129,1.89937097
"R355","Sulawesi Tenggara","ID",2013,2.189871821,7417.8240325775,1.89937097
"R355","Sulawesi Tenggara","ID",2014,2.189871821,7726.83338441752,1.89937097
"R355","Sulawesi Tenggara","ID",2015,2.189871821,8099.52041151078,1.89937097
"R355","Sulawesi Tenggara","ID",2016,2.189871821,8497.80656481411,1.89937097
"R355","Sulawesi Tenggara","ID",2017,2.189871821,8899.31028533172,1.89937097
"R355","Sulawesi Tenggara","ID",2018,2.189871821,9319.65286897322,1.89937097
"R355","Sulawesi Tenggara","ID",2019,2.189871821,9750.1751543082,1.89937097
"R355","Sulawesi Tenggara","ID",2020,2.189871821,10181.6559644797,1.89937097
"R355","Sulawesi Tenggara","ID",2021,2.189871821,10630.0413620579,1.89937097
"R355","Sulawesi Tenggara","ID",2022,2.189871821,11097.7442566161,1.89937097
"R355","Sulawesi Tenggara","ID",2023,2.189871821,11582.7631352922,1.89937097
"R355","Sulawesi Tenggara","ID",2024,2.189871821,12079.9581394787,1.89937097
"R355","Sulawesi Tenggara","ID",2025,2.189871821,12581.7945428039,1.89937097
"R355","Sulawesi Tenggara","ID",2026,2.189871821,13083.7203032029,1.89937097
"R355","Sulawesi Tenggara","ID",2027,2.189871821,13587.0892988883,1.89937097
"R355","Sulawesi Tenggara","ID",2028,2.189871821,14099.8338712928,1.89937097
"R355","Sulawesi Tenggara","ID",2029,2.189871821,14628.7478086033,1.89937097
"R355","Sulawesi Tenggara","ID",2030,2.189871821,15174.6069923944,1.89937097
"R356","Sulawesi Barat","ID",2005,1.778027659,3686.41856650337,1.742276847
"R356","Sulawesi Barat","ID",2006,1.778027659,3794.26485161315,1.742276847
"R356","Sulawesi Barat","ID",2007,1.778027659,4249.18425809923,1.742276847
"R356","Sulawesi Barat","ID",2008,1.778027659,4552.80872372187,1.742276847
"R356","Sulawesi Barat","ID",2009,1.778027659,4727.51367752513,1.742276847
"R356","Sulawesi Barat","ID",2010,1.778027659,4925.06850638927,1.742276847
"R356","Sulawesi Barat","ID",2011,1.778027659,5141.70047165964,1.742276847
"R356","Sulawesi Barat","ID",2012,1.778027659,5415.17871786903,1.742276847
"R356","Sulawesi Barat","ID",2013,1.778027659,5679.98326429006,1.742276847
"R356","Sulawesi Barat","ID",2014,1.778027659,5916.59819961205,1.742276847
"R356","Sulawesi Barat","ID",2015,1.778027659,6201.9724631981,1.742276847
"R356","Sulawesi Barat","ID",2016,1.778027659,6506.94851518637,1.742276847
"R356","Sulawesi Barat","ID",2017,1.778027659,6814.38832276097,1.742276847
"R356","Sulawesi Barat","ID",2018,1.778027659,7136.25344996519,1.742276847
"R356","Sulawesi Barat","ID",2019,1.778027659,7465.91338245124,1.742276847
"R356","Sulawesi Barat","ID",2020,1.778027659,7796.3072799415,1.742276847
"R356","Sulawesi Barat","ID",2021,1.778027659,8139.6453686896,1.742276847
"R356","Sulawesi Barat","ID",2022,1.778027659,8497.77527273179,1.742276847
"R356","Sulawesi Barat","ID",2023,1.778027659,8869.16438919104,1.742276847
"R356","Sulawesi Barat","ID",2024,1.778027659,9249.87702125382,1.742276847
"R356","Sulawesi Barat","ID",2025,1.778027659,9634.1436681316,1.742276847
"R356","Sulawesi Barat","ID",2026,1.778027659,10018.4787394094,1.742276847
"R356","Sulawesi Barat","ID",2027,1.778027659,10403.9189282782,1.742276847
"R356","Sulawesi Barat","ID",2028,1.778027659,10796.5381863728,1.742276847
"R356","Sulawesi Barat","ID",2029,1.778027659,11201.5386691712,1.742276847
"R356","Sulawesi Barat","ID",2030,1.778027659,11619.514481195,1.742276847
"R357","Sulawesi Selatah","ID",2005,1.822327383,4729.28486014352,1.768749745
"R357","Sulawesi Selatah","ID",2006,1.822327383,4867.64022869552,1.768749745
"R357","Sulawesi Selatah","ID",2007,1.822327383,5451.25368077856,1.768749745
"R357","Sulawesi Selatah","ID",2008,1.822327383,5840.77173667534,1.768749745
"R357","Sulawesi Selatah","ID",2009,1.822327383,6064.8997007893,1.768749745
"R357","Sulawesi Selatah","ID",2010,1.822327383,6318.34163694681,1.768749745
"R357","Sulawesi Selatah","ID",2011,1.822327383,6596.25752152621,1.768749745
"R357","Sulawesi Selatah","ID",2012,1.822327383,6947.10116729972,1.768749745
"R357","Sulawesi Selatah","ID",2013,1.822327383,7286.81737428933,1.768749745
"R357","Sulawesi Selatah","ID",2014,1.822327383,7590.36929326231,1.768749745
"R357","Sulawesi Selatah","ID",2015,1.822327383,7956.4742706807,1.768749745
"R357","Sulawesi Selatah","ID",2016,1.822327383,8347.72626753539,1.768749745
"R357","Sulawesi Selatah","ID",2017,1.822327383,8742.13900563366,1.768749745
"R357","Sulawesi Selatah","ID",2018,1.822327383,9155.05789682463,1.768749745
"R357","Sulawesi Selatah","ID",2019,1.822327383,9577.97669697456,1.768749745
"R357","Sulawesi Selatah","ID",2020,1.822327383,10001.8370933432,1.768749745
"R357","Sulawesi Selatah","ID",2021,1.822327383,10442.3035283379,1.768749745
"R357","Sulawesi Selatah","ID",2022,1.822327383,10901.7462906528,1.768749745
"R357","Sulawesi Selatah","ID",2023,1.822327383,11378.1992251229,1.768749745
"R357","Sulawesi Selatah","ID",2024,1.822327383,11866.6132383311,1.768749745
"R357","Sulawesi Selatah","ID",2025,1.822327383,12359.5866765364,1.768749745
"R357","Sulawesi Selatah","ID",2026,1.822327383,12852.6478925595,1.768749745
"R357","Sulawesi Selatah","ID",2027,1.822327383,13347.1268609815,1.768749745
"R357","Sulawesi Selatah","ID",2028,1.822327383,13850.8158194259,1.768749745
"R357","Sulawesi Selatah","ID",2029,1.822327383,14370.3885713183,1.768749745
"R357","Sulawesi Selatah","ID",2030,1.822327383,14906.6073040084,1.768749745
"R358","Sulawesi Tengah","ID",2005,1.775773246,5023.41466665139,1.744757182
"R358","Sulawesi Tengah","ID",2006,1.775773246,5170.37481264226,1.744757182
"R358","Sulawesi Tengah","ID",2007,1.775773246,5790.28510774761,1.744757182
"R358","Sulawesi Tengah","ID",2008,1.775773246,6204.02857536333,1.744757182
"R358","Sulawesi Tengah","ID",2009,1.775773246,6442.09579608446,1.744757182
"R358","Sulawesi Tengah","ID",2010,1.775773246,6711.30012204301,1.744757182
"R358","Sulawesi Tengah","ID",2011,1.775773246,7006.50051045469,1.744757182
"R358","Sulawesi Tengah","ID",2012,1.775773246,7379.16427872505,1.744757182
"R358","Sulawesi Tengah","ID",2013,1.775773246,7740.00855597549,1.744757182
"R358","Sulawesi Tengah","ID",2014,1.775773246,8062.43936894071,1.744757182
"R358","Sulawesi Tengah","ID",2015,1.775773246,8451.3136212788,1.744757182
"R358","Sulawesi Tengah","ID",2016,1.775773246,8866.89886968142,1.744757182
"R358","Sulawesi Tengah","ID",2017,1.775773246,9285.84143065335,1.744757182
"R358","Sulawesi Tengah","ID",2018,1.775773246,9724.44111144595,1.744757182
"R358","Sulawesi Tengah","ID",2019,1.775773246,10173.6626306761,1.744757182
"R358","Sulawesi Tengah","ID",2020,1.775773246,10623.8842977765,1.744757182
"R358","Sulawesi Tengah","ID",2021,1.775773246,11091.7447919816,1.744757182
"R358","Sulawesi Tengah","ID",2022,1.775773246,11579.7618156871,1.744757182
"R358","Sulawesi Tengah","ID",2023,1.775773246,12085.8469244124,1.744757182
"R358","Sulawesi Tengah","ID",2024,1.775773246,12604.6370148142,1.744757182
"R358","Sulawesi Tengah","ID",2025,1.775773246,13128.2700935938,1.744757182
"R358","Sulawesi Tengah","ID",2026,1.775773246,13651.9964124495,1.744757182
"R358","Sulawesi Tengah","ID",2027,1.775773246,14177.2286545289,1.744757182
"R358","Sulawesi Tengah","ID",2028,1.775773246,14712.2436899947,1.744757182
"R358","Sulawesi Tengah","ID",2029,1.775773246,15264.1303836827,1.744757182
"R358","Sulawesi Tengah","ID",2030,1.775773246,15833.6983266752,1.744757182
"R359","Sulawesi Utara","ID",2005,1.69328247,5759.63252975389,1.737633307
"R359","Sulawesi Utara","ID",2006,1.69328247,5928.13075159522,1.737633307
"R359","Sulawesi Utara","ID",2007,1.69328247,6638.89339725797,1.737633307
"R359","Sulawesi Utara","ID",2008,1.69328247,7113.27397116961,1.737633307
"R359","Sulawesi Utara","ID",2009,1.69328247,7386.23166955814,1.737633307
"R359","Sulawesi Utara","ID",2010,1.69328247,7694.88984312581,1.737633307
"R359","Sulawesi Utara","ID",2011,1.69328247,8033.35399093041,1.737633307
"R359","Sulawesi Utara","ID",2012,1.69328247,8460.63433736832,1.737633307
"R359","Sulawesi Utara","ID",2013,1.69328247,8874.36296087951,1.737633307
"R359","Sulawesi Utara","ID",2014,1.69328247,9244.04834839825,1.737633307
"R359","Sulawesi Utara","ID",2015,1.69328247,9689.914946826,1.737633307
"R359","Sulawesi Utara","ID",2016,1.69328247,10166.4072218026,1.737633307
"R359","Sulawesi Utara","ID",2017,1.69328247,10646.7488596013,1.737633307
"R359","Sulawesi Utara","ID",2018,1.69328247,11149.6285029543,1.737633307
"R359","Sulawesi Utara","ID",2019,1.69328247,11664.6866926782,1.737633307
"R359","Sulawesi Utara","ID",2020,1.69328247,12180.8916189339,1.737633307
"R359","Sulawesi Utara","ID",2021,1.69328247,12717.3204627845,1.737633307
"R359","Sulawesi Utara","ID",2022,1.69328247,13276.8599161648,1.737633307
"R359","Sulawesi Utara","ID",2023,1.69328247,13857.115465753,1.737633307
"R359","Sulawesi Utara","ID",2024,1.69328247,14451.9380104571,1.737633307
"R359","Sulawesi Utara","ID",2025,1.69328247,15052.313315237,1.737633307
"R359","Sulawesi Utara","ID",2026,1.69328247,15652.7955286011,1.737633307
"R359","Sulawesi Utara","ID",2027,1.69328247,16255.0043686349,1.737633307
"R359","Sulawesi Utara","ID",2028,1.69328247,16868.4297337855,1.737633307
"R359","Sulawesi Utara","ID",2029,1.69328247,17501.1994281117,1.737633307
"R359","Sulawesi Utara","ID",2030,1.69328247,18154.2416849291,1.737633307
"R360","Sumatera Barat","ID",2005,2.034682135,6294.99634635233,1.848729741
"R360","Sumatera Barat","ID",2006,2.034682135,6479.15665281014,1.848729741
"R360","Sumatera Barat","ID",2007,2.034682135,7255.9854226145,1.848729741
"R360","Sumatera Barat","ID",2008,2.034682135,7774.46016363786,1.848729741
"R360","Sumatera Barat","ID",2009,2.034682135,8072.78956309895,1.848729741
"R360","Sumatera Barat","ID",2010,2.034682135,8410.13783388662,1.848729741
"R360","Sumatera Barat","ID",2011,2.034682135,8780.06257417514,1.848729741
"R360","Sumatera Barat","ID",2012,2.034682135,9247.05907334418,1.848729741
"R360","Sumatera Barat","ID",2013,2.034682135,9699.24420064048,1.848729741
"R360","Sumatera Barat","ID",2014,2.034682135,10103.2922315975,1.848729741
"R360","Sumatera Barat","ID",2015,2.034682135,10590.6025887402,1.848729741
"R360","Sumatera Barat","ID",2016,2.034682135,11111.3853168067,1.848729741
"R360","Sumatera Barat","ID",2017,2.034682135,11636.3752058683,1.848729741
"R360","Sumatera Barat","ID",2018,2.034682135,12185.9980331742,1.848729741
"R360","Sumatera Barat","ID",2019,2.034682135,12748.9314192928,1.848729741
"R360","Sumatera Barat","ID",2020,2.034682135,13313.1181241966,1.848729741
"R360","Sumatera Barat","ID",2021,2.034682135,13899.4085884556,1.848729741
"R360","Sumatera Barat","ID",2022,2.034682135,14510.9578146637,1.848729741
"R360","Sumatera Barat","ID",2023,2.034682135,15145.1487204598,1.848729741
"R360","Sumatera Barat","ID",2024,2.034682135,15795.260639676,1.848729741
"R360","Sumatera Barat","ID",2025,2.034682135,16451.4414475992,1.848729741
"R360","Sumatera Barat","ID",2026,2.034682135,17107.7391077176,1.848729741
"R360","Sumatera Barat","ID",2027,2.034682135,17765.92388032,1.848729741
"R360","Sumatera Barat","ID",2028,2.034682135,18436.3677718227,1.848729741
"R360","Sumatera Barat","ID",2029,2.034682135,19127.954063487,1.848729741
"R360","Sumatera Barat","ID",2030,2.034682135,19841.6972740169,1.848729741
"R361","Sumatera Selatan","ID",2005,1.912085994,5209.12897269988,1.805418178
"R361","Sumatera Selatan","ID",2006,1.912085994,5361.52219630999,1.805418178
"R361","Sumatera Selatan","ID",2007,1.912085994,6004.35040918965,1.805418178
"R361","Sumatera Selatan","ID",2008,1.912085994,6433.38986311016,1.805418178
"R361","Sumatera Selatan","ID",2009,1.912085994,6680.25836587378,1.805418178
"R361","Sumatera Selatan","ID",2010,1.912085994,6959.4151045654,1.805418178
"R361","Sumatera Selatan","ID",2011,1.912085994,7265.528973139,1.805418178
"R361","Sumatera Selatan","ID",2012,1.912085994,7651.97002195414,1.805418178
"R361","Sumatera Selatan","ID",2013,1.912085994,8026.1546155263,1.805418178
"R361","Sumatera Selatan","ID",2014,1.912085994,8360.50561010467,1.805418178
"R361","Sumatera Selatan","ID",2015,1.912085994,8763.75643962664,1.805418178
"R361","Sumatera Selatan","ID",2016,1.912085994,9194.70576436361,1.805418178
"R361","Sumatera Selatan","ID",2017,1.912085994,9629.13652371374,1.805418178
"R361","Sumatera Selatan","ID",2018,1.912085994,10083.9511124056,1.805418178
"R361","Sumatera Selatan","ID",2019,1.912085994,10549.7802338244,1.805418178
"R361","Sumatera Selatan","ID",2020,1.912085994,11016.6464806062,1.805418178
"R361","Sumatera Selatan","ID",2021,1.912085994,11501.8036498667,1.805418178
"R361","Sumatera Selatan","ID",2022,1.912085994,12007.8625327968,1.805418178
"R361","Sumatera Selatan","ID",2023,1.912085994,12532.6574739524,1.805418178
"R361","Sumatera Selatan","ID",2024,1.912085994,13070.6270973895,1.805418178
"R361","Sumatera Selatan","ID",2025,1.912085994,13613.6187487335,1.805418178
"R361","Sumatera Selatan","ID",2026,1.912085994,14156.7070945636,1.805418178
"R361","Sumatera Selatan","ID",2027,1.912085994,14701.3570340159,1.805418178
"R361","Sumatera Selatan","ID",2028,1.912085994,15256.1514311235,1.805418178
"R361","Sumatera Selatan","ID",2029,1.912085994,15828.4412290389,1.805418178
"R361","Sumatera Selatan","ID",2030,1.912085994,16419.0659464343,1.805418178
"R362","Sumatera Utara","ID",2005,2.168678526,5555.67319310131,1.889901379
"R362","Sumatera Utara","ID",2006,2.168678526,5718.20457690327,1.889901379
"R362","Sumatera Utara","ID",2007,2.168678526,6403.79779040708,1.889901379
"R362","Sumatera Utara","ID",2008,2.168678526,6861.37966361752,1.889901379
"R362","Sumatera Utara","ID",2009,2.168678526,7124.67142006504,1.889901379
"R362","Sumatera Utara","ID",2010,2.168678526,7422.39943182925,1.889901379
"R362","Sumatera Utara","ID",2011,2.168678526,7748.87793179772,1.889901379
"R362","Sumatera Utara","ID",2012,2.168678526,8161.02748433207,1.889901379
"R362","Sumatera Utara","ID",2013,2.168678526,8560.10520423565,1.889901379
"R362","Sumatera Utara","ID",2014,2.168678526,8916.69934250701,1.889901379
"R362","Sumatera Utara","ID",2015,2.168678526,9346.7769694747,1.889901379
"R362","Sumatera Utara","ID",2016,2.168678526,9806.39577266675,1.889901379
"R362","Sumatera Utara","ID",2017,2.168678526,10269.727611705,1.889901379
"R362","Sumatera Utara","ID",2018,2.168678526,10754.799349327,1.889901379
"R362","Sumatera Utara","ID",2019,2.168678526,11251.6183689813,1.889901379
"R362","Sumatera Utara","ID",2020,2.168678526,11749.5435096096,1.889901379
"R362","Sumatera Utara","ID",2021,2.168678526,12266.9764072605,1.889901379
"R362","Sumatera Utara","ID",2022,2.168678526,12806.701526252,1.889901379
"R362","Sumatera Utara","ID",2023,2.168678526,13366.4091421493,1.889901379
"R362","Sumatera Utara","ID",2024,2.168678526,13940.167915096,1.889901379
"R362","Sumatera Utara","ID",2025,2.168678526,14519.2828075678,1.889901379
"R362","Sumatera Utara","ID",2026,2.168678526,15098.5008268567,1.889901379
"R362","Sumatera Utara","ID",2027,2.168678526,15679.3843218792,1.889901379
"R362","Sumatera Utara","ID",2028,2.168678526,16271.0871546128,1.889901379
"R362","Sumatera Utara","ID",2029,2.168678526,16881.4492910679,1.889901379
"R362","Sumatera Utara","ID",2030,2.168678526,17511.3660991146,1.889901379
"ID","ID","ID",2005,1.824619782,5554.1036464918,1.766558592
"ID","ID","ID",2006,1.824619782,5716.58911397069,1.766558592
"ID","ID","ID",2007,1.824619782,6401.98863893392,1.766558592
"ID","ID","ID",2008,1.824619782,6859.44123917294,1.766558592
"ID","ID","ID",2009,1.824619782,7122.6586132985,1.766558592
"ID","ID","ID",2010,1.824619782,7420.30251276922,1.766558592
"ID","ID","ID",2011,1.824619782,7746.68877856037,1.766558592
"ID","ID","ID",2012,1.824619782,8158.72189380992,1.766558592
"ID","ID","ID",2013,1.824619782,8557.68686999745,1.766558592
"ID","ID","ID",2014,1.824619782,8914.1802659422,1.766558592
"ID","ID","ID",2015,1.824619782,9344.13639073539,1.766558592
"ID","ID","ID",2016,1.824619782,9803.62534187162,1.766558592
"ID","ID","ID",2017,1.824619782,10266.8262849686,1.766558592
"ID","ID","ID",2018,1.824619782,10751.7609839316,1.766558592
"ID","ID","ID",2019,1.824619782,11248.4396450948,1.766558592
"ID","ID","ID",2020,1.824619782,11746.224119778,1.766558592
"ID","ID","ID",2021,1.824619782,12263.5108353293,1.766558592
"ID","ID","ID",2022,1.824619782,12803.0834758378,1.766558592
"ID","ID","ID",2023,1.824619782,13362.632970333,1.766558592
"ID","ID","ID",2024,1.824619782,13936.2296447669,1.766558592
"ID","ID","ID",2025,1.824619782,14515.1809322864,1.766558592
"ID","ID","ID",2026,1.824619782,15094.2353136528,1.766558592
"ID","ID","ID",2027,1.824619782,15674.9547047919,1.766558592
"ID","ID","ID",2028,1.824619782,16266.4903723446,1.766558592
"ID","ID","ID",2029,1.824619782,16876.6800737168,1.766558592
"ID","ID","ID",2030,1.824619782,17506.4189254018,1.766558592
